OPEID,DisbursementYear,IncomeBracket,AvgNetPrice
353700,2009,"OVER 110,000",23914
154100,2009,"OVER 110,000",10497
134500,2009,"OVER 110,000",12525
266600,2009,"OVER 110,000",25420
286000,2009,"OVER 110,000",9224
223400,2009,"OVER 110,000",23500
2312000,2009,"OVER 110,000",12850
3115500,2009,"OVER 110,000",15536
154200,2009,"OVER 110,000",23379
887800,2009,"OVER 110,000",40516
396300,2009,"OVER 110,000",15113
758200,2009,"OVER 110,000",12919
2069500,2009,"OVER 110,000",23580
819400,2009,"OVER 110,000",16280
100200,2009,"OVER 110,000",6011
100500,2009,"OVER 110,000",14000
106100,2009,"OVER 110,000",30041
2170200,2009,"OVER 110,000",19260
288500,2009,"OVER 110,000",30446
154400,2009,"OVER 110,000",11996
137400,2009,"OVER 110,000",28937
223500,2009,"OVER 110,000",22855
322900,2009,"OVER 110,000",33363
239600,2009,"OVER 110,000",15642
380600,2009,"OVER 110,000",17750
554400,2009,"OVER 110,000",17857
266800,2009,"OVER 110,000",28730
195100,2009,"OVER 110,000",6005
205700,2009,"OVER 110,000",9014
323000,2009,"OVER 110,000",36730
3069100,2009,"OVER 110,000",25061
190100,2009,"OVER 110,000",8177
341700,2009,"OVER 110,000",13339
223600,2009,"OVER 110,000",20658
223700,2009,"OVER 110,000",5391
323300,2009,"OVER 110,000",26596
383200,2009,"OVER 110,000",19491
1081300,2009,"OVER 110,000",19891
162800,2009,"OVER 110,000",26107
3030802,2009,"OVER 110,000",22500
4060300,2009,"OVER 110,000",25290
2317800,2009,"OVER 110,000",9924
757200,2009,"OVER 110,000",35377
372600,2009,"OVER 110,000",20089
1048900,2009,"OVER 110,000",17536
3819300,2009,"OVER 110,000",13352
143400,2009,"OVER 110,000",42267
2270802,2009,"OVER 110,000",28575
2270800,2009,"OVER 110,000",25212
211500,2009,"OVER 110,000",29203
178400,2009,"OVER 110,000",16716
178500,2009,"OVER 110,000",22028
341800,2009,"OVER 110,000",11087
154500,2009,"OVER 110,000",18747
223800,2009,"OVER 110,000",20541
354100,2009,"OVER 110,000",15187
211700,2009,"OVER 110,000",31335
735000,2009,"OVER 110,000",16406
233200,2009,"OVER 110,000",14931
301005,2009,"OVER 110,000",33267
1289100,2009,"OVER 110,000",22059
743000,2009,"OVER 110,000",38584
754400,2009,"OVER 110,000",14451
290600,2009,"OVER 110,000",13451
347700,2009,"OVER 110,000",20326
134600,2009,"OVER 110,000",12699
323500,2009,"OVER 110,000",25631
2179900,2009,"OVER 110,000",38852
3125400,2009,"OVER 110,000",37203
1647100,2009,"OVER 110,000",44125
723600,2009,"OVER 110,000",38010
723603,2009,"OVER 110,000",33494
2327600,2009,"OVER 110,000",35557
723602,2009,"OVER 110,000",34144
3125401,2009,"OVER 110,000",36006
2179901,2009,"OVER 110,000",29001
4120900,2009,"OVER 110,000",38716
108100,2009,"OVER 110,000",14160
1286000,2009,"OVER 110,000",10918
109100,2009,"OVER 110,000",9920
109000,2009,"OVER 110,000",11276
109003,2009,"OVER 110,000",15259
108900,2009,"OVER 110,000",12161
154600,2009,"OVER 110,000",15815
301100,2009,"OVER 110,000",20561
111600,2009,"OVER 110,000",47658
3816300,2009,"OVER 110,000",20184
3095500,2009,"OVER 110,000",26333
195200,2009,"OVER 110,000",26094
4057300,2009,"OVER 110,000",19080
188100,2009,"OVER 110,000",20261
199000,2009,"OVER 110,000",9460
301200,2009,"OVER 110,000",25343
211800,2009,"OVER 110,000",30035
3104500,2009,"OVER 110,000",36084
1216500,2009,"OVER 110,000",13463
2580200,2009,"OVER 110,000",22680
259600,2009,"OVER 110,000",10027
3468500,2009,"OVER 110,000",28628
100900,2009,"OVER 110,000",15356
831000,2009,"OVER 110,000",12759
163300,2009,"OVER 110,000",27412
345800,2009,"OVER 110,000",19202
163400,2009,"OVER 110,000",18389
354300,2009,"OVER 110,000",33134
1201500,2009,"OVER 110,000",10927
347800,2009,"OVER 110,000",12896
1162100,2009,"OVER 110,000",34865
1162101,2009,"OVER 110,000",45410
3941300,2009,"OVER 110,000",17188
3839300,2009,"OVER 110,000",15960
4119400,2009,"OVER 110,000",24936
370200,2009,"OVER 110,000",15405
3126300,2009,"OVER 110,000",37069
3176300,2009,"OVER 110,000",42636
3883400,2009,"OVER 110,000",50407
244900,2009,"OVER 110,000",17179
111700,2009,"OVER 110,000",29844
212100,2009,"OVER 110,000",38653
1107400,2009,"OVER 110,000",8403
467300,2009,"OVER 110,000",16107
467317,2009,"OVER 110,000",15279
467305,2009,"OVER 110,000",15905
467302,2009,"OVER 110,000",15285
467309,2009,"OVER 110,000",15851
467303,2009,"OVER 110,000",16972
467304,2009,"OVER 110,000",16855
467306,2009,"OVER 110,000",14984
190300,2009,"OVER 110,000",22529
301400,2009,"OVER 110,000",23189
178600,2009,"OVER 110,000",17913
1320800,2009,"OVER 110,000",15598
3440300,2009,"OVER 110,000",12969
267100,2009,"OVER 110,000",36009
964500,2009,"OVER 110,000",37498
270800,2009,"OVER 110,000",41151
290800,2009,"OVER 110,000",21594
460800,2009,"OVER 110,000",13108
203600,2009,"OVER 110,000",41046
530600,2009,"OVER 110,000",9946
3730300,2009,"OVER 110,000",1377
2335701,2009,"OVER 110,000",19388
2335702,2009,"OVER 110,000",8830
1157400,2009,"OVER 110,000",53838
224000,2009,"OVER 110,000",7240
212200,2009,"OVER 110,000",22961
396500,2009,"OVER 110,000",28575
354500,2009,"OVER 110,000",30577
3373300,2009,"OVER 110,000",36048
3999300,2009,"OVER 110,000",41256
739100,2009,"OVER 110,000",20520
2283800,2009,"OVER 110,000",25176
2283801,2009,"OVER 110,000",25536
212300,2009,"OVER 110,000",25456
1267000,2009,"OVER 110,000",20292
239700,2009,"OVER 110,000",21222
195400,2009,"OVER 110,000",23350
974300,2009,"OVER 110,000",8777
1202600,2009,"OVER 110,000",19548
705000,2009,"OVER 110,000",18636
2343400,2009,"OVER 110,000",25560
291000,2009,"OVER 110,000",23701
994100,2009,"OVER 110,000",12184
347900,2009,"OVER 110,000",30787
383500,2009,"OVER 110,000",26850
233600,2009,"OVER 110,000",15242
342000,2009,"OVER 110,000",20915
1025600,2009,"OVER 110,000",22225
176700,2009,"OVER 110,000",26336
215100,2009,"OVER 110,000",16432
291100,2009,"OVER 110,000",21820
368200,2009,"OVER 110,000",36900
212400,2009,"OVER 110,000",26614
473600,2009,"OVER 110,000",9870
739400,2009,"OVER 110,000",25895
750200,2009,"OVER 110,000",26366
212600,2009,"OVER 110,000",40601
2253900,2009,"OVER 110,000",22111
155400,2009,"OVER 110,000",21056
380800,2009,"OVER 110,000",23328
190400,2009,"OVER 110,000",15355
233700,2009,"OVER 110,000",20175
178700,2009,"OVER 110,000",20494
190500,2009,"OVER 110,000",18160
348000,2009,"OVER 110,000",13285
905800,2009,"OVER 110,000",28853
146700,2009,"OVER 110,000",14779
377000,2009,"OVER 110,000",12715
199600,2009,"OVER 110,000",8504
112200,2009,"OVER 110,000",36405
101200,2009,"OVER 110,000",22981
298800,2009,"OVER 110,000",9777
4130800,2009,"OVER 110,000",26064
163800,2009,"OVER 110,000",8582
345900,2009,"OVER 110,000",13964
539000,2009,"OVER 110,000",10426
4003300,2009,"OVER 110,000",52256
354900,2009,"OVER 110,000",9195
259700,2009,"OVER 110,000",23551
331500,2009,"OVER 110,000",18078
3422501,2009,"OVER 110,000",24875
3294301,2009,"OVER 110,000",21185
239800,2009,"OVER 110,000",10686
318600,2009,"OVER 110,000",10690
3957300,2009,"OVER 110,000",11695
681900,2009,"OVER 110,000",7984
370300,2009,"OVER 110,000",20544
380900,2009,"OVER 110,000",11432
524400,2009,"OVER 110,000",9139
301600,2009,"OVER 110,000",24690
342100,2009,"OVER 110,000",17595
2234500,2009,"OVER 110,000",14952
161600,2009,"OVER 110,000",13685
3763400,2009,"OVER 110,000",14436
2055400,2009,"OVER 110,000",10758
396600,2009,"OVER 110,000",25199
3248300,2009,"OVER 110,000",20887
212800,2009,"OVER 110,000",43463
213000,2009,"OVER 110,000",39697
203800,2009,"OVER 110,000",30967
206200,2009,"OVER 110,000",17087
301801,2009,"OVER 110,000",13798
301800,2009,"OVER 110,000",19088
485300,2009,"OVER 110,000",26226
972100,2009,"OVER 110,000",24489
164100,2009,"OVER 110,000",25470
2106800,2009,"OVER 110,000",12756
213300,2009,"OVER 110,000",36671
1085101,2009,"OVER 110,000",26442
1085102,2009,"OVER 110,000",26190
1085100,2009,"OVER 110,000",38040
155600,2009,"OVER 110,000",15733
195800,2009,"OVER 110,000",11786
291200,2009,"OVER 110,000",21985
155700,2009,"OVER 110,000",16285
184600,2009,"OVER 110,000",24999
2075700,2009,"OVER 110,000",21070
370400,2009,"OVER 110,000",22032
218300,2009,"OVER 110,000",15678
162500,2009,"OVER 110,000",6941
367000,2009,"OVER 110,000",14011
778100,2009,"OVER 110,000",28954
491000,2009,"OVER 110,000",21258
491001,2009,"OVER 110,000",24669
2289800,2009,"OVER 110,000",26352
743600,2009,"OVER 110,000",30469
749100,2009,"OVER 110,000",26208
3115803,2009,"OVER 110,000",26370
2083600,2009,"OVER 110,000",24039
778102,2009,"OVER 110,000",25326
2306302,2009,"OVER 110,000",22617
2312200,2009,"OVER 110,000",24390
3115802,2009,"OVER 110,000",24984
2306300,2009,"OVER 110,000",22428
2326200,2009,"OVER 110,000",25668
2539100,2009,"OVER 110,000",32544
3113103,2009,"OVER 110,000",23706
2351900,2009,"OVER 110,000",23616
3115800,2009,"OVER 110,000",37884
946600,2009,"OVER 110,000",26253
2091700,2009,"OVER 110,000",73960
1041000,2009,"OVER 110,000",25128
2549000,2009,"OVER 110,000",42225
217600,2009,"OVER 110,000",7755
1116600,2009,"OVER 110,000",27919
840400,2009,"OVER 110,000",10229
2218808,2009,"OVER 110,000",20394
112300,2009,"OVER 110,000",58295
150000,2009,"OVER 110,000",10317
3626300,2009,"OVER 110,000",24089
3626301,2009,"OVER 110,000",24882
512704,2009,"OVER 110,000",25778
2110501,2009,"OVER 110,000",21837
512700,2009,"OVER 110,000",22158
2616200,2009,"OVER 110,000",28006
2616204,2009,"OVER 110,000",21394
512727,2009,"OVER 110,000",22971
512731,2009,"OVER 110,000",20096
945101,2009,"OVER 110,000",16150
458300,2009,"OVER 110,000",22594
945100,2009,"OVER 110,000",22113
340100,2009,"OVER 110,000",40346
639900,2009,"OVER 110,000",27002
353600,2009,"OVER 110,000",15704
3399300,2009,"OVER 110,000",93060
3066300,2009,"OVER 110,000",34755
716400,2009,"OVER 110,000",23727
267807,2009,"OVER 110,000",13647
267801,2009,"OVER 110,000",15605
267809,2009,"OVER 110,000",21725
267803,2009,"OVER 110,000",18158
267804,2009,"OVER 110,000",17076
267808,2009,"OVER 110,000",11570
267812,2009,"OVER 110,000",4775
267802,2009,"OVER 110,000",15750
267805,2009,"OVER 110,000",11688
267806,2009,"OVER 110,000",16831
267811,2009,"OVER 110,000",16588
267814,2009,"OVER 110,000",19675
340200,2009,"OVER 110,000",33912
322800,2009,"OVER 110,000",14867
323700,2009,"OVER 110,000",40167
323800,2009,"OVER 110,000",39755
323900,2009,"OVER 110,000",10307
184700,2009,"OVER 110,000",22136
190600,2009,"OVER 110,000",7920
324000,2009,"OVER 110,000",7700
178800,2009,"OVER 110,000",24366
790000,2009,"OVER 110,000",24432
647700,2009,"OVER 110,000",19200
324100,2009,"OVER 110,000",31658
335100,2009,"OVER 110,000",19450
483500,2009,"OVER 110,000",13450
259800,2009,"OVER 110,000",21859
112500,2009,"OVER 110,000",26500
2065700,2009,"OVER 110,000",21048
112700,2009,"OVER 110,000",37908
113100,2009,"OVER 110,000",33725
113200,2009,"OVER 110,000",44609
113300,2009,"OVER 110,000",28491
114300,2009,"OVER 110,000",17033
114400,2009,"OVER 110,000",12806
799300,2009,"OVER 110,000",10300
3980300,2009,"OVER 110,000",16876
114600,2009,"OVER 110,000",16897
114100,2009,"OVER 110,000",8419
113800,2009,"OVER 110,000",14806
114700,2009,"OVER 110,000",11243
113700,2009,"OVER 110,000",11658
113900,2009,"OVER 110,000",12834
114000,2009,"OVER 110,000",11050
3260300,2009,"OVER 110,000",18441
115300,2009,"OVER 110,000",11662
115000,2009,"OVER 110,000",15727
114200,2009,"OVER 110,000",14351
3011300,2009,"OVER 110,000",15821
115700,2009,"OVER 110,000",11735
331600,2009,"OVER 110,000",18175
183400,2009,"OVER 110,000",13918
224100,2009,"OVER 110,000",26919
2182900,2009,"OVER 110,000",30555
686500,2009,"OVER 110,000",7709
3078400,2009,"OVER 110,000",33912
315000,2009,"OVER 110,000",11109
291300,2009,"OVER 110,000",25900
195900,2009,"OVER 110,000",12852
268100,2009,"OVER 110,000",23872
216800,2009,"OVER 110,000",11462
532000,2009,"OVER 110,000",12220
302300,2009,"OVER 110,000",21497
961700,2009,"OVER 110,000",17460
2090300,2009,"OVER 110,000",18784
771700,2009,"OVER 110,000",19952
2056400,2009,"OVER 110,000",17448
2103700,2009,"OVER 110,000",15312
383700,2009,"OVER 110,000",27207
2125000,2009,"OVER 110,000",21537
3242300,2009,"OVER 110,000",48732
2591100,2009,"OVER 110,000",20019
2609500,2009,"OVER 110,000",18468
2609502,2009,"OVER 110,000",18126
317600,2009,"OVER 110,000",8295
726500,2009,"OVER 110,000",6005
234000,2009,"OVER 110,000",35149
1072401,2009,"OVER 110,000",24607
330300,2009,"OVER 110,000",21764
761700,2009,"OVER 110,000",14343
324200,2009,"OVER 110,000",37726
2218000,2009,"OVER 110,000",22959
974804,2009,"OVER 110,000",23436
2100600,2009,"OVER 110,000",22710
974802,2009,"OVER 110,000",27333
3042500,2009,"OVER 110,000",22914
974800,2009,"OVER 110,000",27666
974807,2009,"OVER 110,000",26838
974801,2009,"OVER 110,000",27216
974803,2009,"OVER 110,000",27126
252600,2009,"OVER 110,000",22892
383800,2009,"OVER 110,000",21072
348100,2009,"OVER 110,000",16962
3097800,2009,"OVER 110,000",30228
383900,2009,"OVER 110,000",26285
302400,2009,"OVER 110,000",24274
392800,2009,"OVER 110,000",9025
368300,2009,"OVER 110,000",18057
291400,2009,"OVER 110,000",20423
143700,2009,"OVER 110,000",33648
286100,2009,"OVER 110,000",10439
2145800,2009,"OVER 110,000",19039
268500,2009,"OVER 110,000",9484
830800,2009,"OVER 110,000",5466
324300,2009,"OVER 110,000",26779
302500,2009,"OVER 110,000",25236
259900,2009,"OVER 110,000",31885
200300,2009,"OVER 110,000",20264
3773300,2009,"OVER 110,000",29790
728300,2009,"OVER 110,000",6337
399500,2009,"OVER 110,000",10057
190800,2009,"OVER 110,000",17847
2266400,2009,"OVER 110,000",14941
185000,2009,"OVER 110,000",23303
137800,2009,"OVER 110,000",17207
233900,2009,"OVER 110,000",13676
527600,2009,"OVER 110,000",11859
245300,2009,"OVER 110,000",15911
224300,2009,"OVER 110,000",17648
474200,2009,"OVER 110,000",13943
1104600,2009,"OVER 110,000",12382
318800,2009,"OVER 110,000",11731
489000,2009,"OVER 110,000",20716
302600,2009,"OVER 110,000",14139
2151500,2009,"OVER 110,000",22476
2239100,2009,"OVER 110,000",11844
2239101,2009,"OVER 110,000",11316
400300,2009,"OVER 110,000",3088
377100,2009,"OVER 110,000",16915
728900,2009,"OVER 110,000",6034
3304301,2009,"OVER 110,000",23996
2334402,2009,"OVER 110,000",38646
1054600,2009,"OVER 110,000",16419
2332814,2009,"OVER 110,000",17871
253900,2009,"OVER 110,000",10139
638503,2009,"OVER 110,000",26027
160500,2009,"OVER 110,000",22686
368400,2009,"OVER 110,000",32322
3072200,2009,"OVER 110,000",11076
116400,2009,"OVER 110,000",33577
341900,2009,"OVER 110,000",29440
2576900,2009,"OVER 110,000",19941
3278300,2009,"OVER 110,000",17470
324400,2009,"OVER 110,000",26496
399800,2009,"OVER 110,000",7018
321800,2009,"OVER 110,000",10538
324500,2009,"OVER 110,000",25682
331700,2009,"OVER 110,000",8188
530400,2009,"OVER 110,000",11663
291600,2009,"OVER 110,000",16227
348200,2009,"OVER 110,000",15387
370600,2009,"OVER 110,000",19483
302900,2009,"OVER 110,000",16905
1034500,2009,"OVER 110,000",13774
355300,2009,"OVER 110,000",6193
342300,2009,"OVER 110,000",12910
487800,2009,"OVER 110,000",6145
342400,2009,"OVER 110,000",16085
117000,2009,"OVER 110,000",29427
355400,2009,"OVER 110,000",8657
331800,2009,"OVER 110,000",15387
155900,2009,"OVER 110,000",27292
213900,2009,"OVER 110,000",33385
185200,2009,"OVER 110,000",23512
986200,2009,"OVER 110,000",19940
269900,2009,"OVER 110,000",39880
897600,2009,"OVER 110,000",14424
224600,2009,"OVER 110,000",18837
342500,2009,"OVER 110,000",19558
398200,2009,"OVER 110,000",35997
303100,2009,"OVER 110,000",31366
303200,2009,"OVER 110,000",17059
678700,2009,"OVER 110,000",7722
575200,2009,"OVER 110,000",14027
4115300,2009,"OVER 110,000",16992
354600,2009,"OVER 110,000",8812
345100,2009,"OVER 110,000",17744
3100400,2009,"OVER 110,000",15091
185400,2009,"OVER 110,000",22394
191000,2009,"OVER 110,000",7913
117700,2009,"OVER 110,000",23366
203900,2009,"OVER 110,000",37080
191100,2009,"OVER 110,000",7812
257200,2009,"OVER 110,000",30731
270100,2009,"OVER 110,000",32316
677100,2009,"OVER 110,000",31594
147100,2009,"OVER 110,000",12485
342800,2009,"OVER 110,000",15827
155800,2009,"OVER 110,000",9964
2615800,2009,"OVER 110,000",12788
665600,2009,"OVER 110,000",11654
769400,2009,"OVER 110,000",5082
270300,2009,"OVER 110,000",22566
214000,2009,"OVER 110,000",24221
234100,2009,"OVER 110,000",26460
260000,2009,"OVER 110,000",19327
254000,2009,"OVER 110,000",25808
161900,2009,"OVER 110,000",8096
1036200,2009,"OVER 110,000",11524
368500,2009,"OVER 110,000",24240
269800,2009,"OVER 110,000",11562
1138500,2009,"OVER 110,000",30887
214100,2009,"OVER 110,000",41616
370500,2009,"OVER 110,000",20120
2361400,2009,"OVER 110,000",8183
940100,2009,"OVER 110,000",24231
134700,2009,"OVER 110,000",32367
450600,2009,"OVER 110,000",10840
135900,2009,"OVER 110,000",11451
3584400,2009,"OVER 110,000",22273
134800,2009,"OVER 110,000",19773
135000,2009,"OVER 110,000",16894
136500,2009,"OVER 110,000",14319
1014802,2009,"OVER 110,000",19515
1014805,2009,"OVER 110,000",23565
377400,2009,"OVER 110,000",11688
245600,2009,"OVER 110,000",23907
343000,2009,"OVER 110,000",18927
166500,2009,"OVER 110,000",35042
2110200,2009,"OVER 110,000",27376
4121500,2009,"OVER 110,000",11466
348300,2009,"OVER 110,000",11692
270700,2009,"OVER 110,000",39860
303900,2009,"OVER 110,000",25264
686700,2009,"OVER 110,000",9647
156100,2009,"OVER 110,000",12464
3874400,2009,"OVER 110,000",14524
323100,2009,"OVER 110,000",9954
680700,2009,"OVER 110,000",7530
954200,2009,"OVER 110,000",13856
324900,2009,"OVER 110,000",9886
340800,2009,"OVER 110,000",7878
1116700,2009,"OVER 110,000",12756
381000,2009,"OVER 110,000",11241
887100,2009,"OVER 110,000",22680
2361600,2009,"OVER 110,000",23320
888700,2009,"OVER 110,000",27312
793000,2009,"OVER 110,000",22808
2089600,2009,"OVER 110,000",24822
2172700,2009,"OVER 110,000",22672
234600,2009,"OVER 110,000",23130
270900,2009,"OVER 110,000",21511
224700,2009,"OVER 110,000",22356
166600,2009,"OVER 110,000",20828
2070500,2009,"OVER 110,000",26333
254100,2009,"OVER 110,000",19256
319100,2009,"OVER 110,000",21197
234700,2009,"OVER 110,000",22189
355700,2009,"OVER 110,000",24557
384200,2009,"OVER 110,000",20802
137900,2009,"OVER 110,000",40735
315300,2009,"OVER 110,000",12105
3034400,2009,"OVER 110,000",30300
3029900,2009,"OVER 110,000",39636
752200,2009,"OVER 110,000",24928
343100,2009,"OVER 110,000",19688
271000,2009,"OVER 110,000",14626
206800,2009,"OVER 110,000",14528
133900,2009,"OVER 110,000",27125
185600,2009,"OVER 110,000",24027
271100,2009,"OVER 110,000",37647
226600,2009,"OVER 110,000",21401
286300,2009,"OVER 110,000",9413
1231500,2009,"OVER 110,000",21260
2279600,2009,"OVER 110,000",20223
3766300,2009,"OVER 110,000",20010
2623800,2009,"OVER 110,000",16947
3099000,2009,"OVER 110,000",25560
1248300,2009,"OVER 110,000",35400
2548500,2009,"OVER 110,000",11415
245800,2009,"OVER 110,000",16864
348400,2009,"OVER 110,000",24927
2068200,2009,"OVER 110,000",23033
3319300,2009,"OVER 110,000",29920
254200,2009,"OVER 110,000",29049
236600,2009,"OVER 110,000",21160
245900,2009,"OVER 110,000",8505
238300,2009,"OVER 110,000",24476
3723300,2009,"OVER 110,000",48160
730400,2009,"OVER 110,000",36524
246000,2009,"OVER 110,000",20433
260100,2009,"OVER 110,000",7897
348500,2009,"OVER 110,000",15335
727300,2009,"OVER 110,000",12049
269100,2009,"OVER 110,000",11783
269200,2009,"OVER 110,000",11839
268700,2009,"OVER 110,000",11374
268800,2009,"OVER 110,000",12583
861100,2009,"OVER 110,000",12497
268900,2009,"OVER 110,000",11631
269300,2009,"OVER 110,000",9997
269400,2009,"OVER 110,000",11011
1005100,2009,"OVER 110,000",9900
702200,2009,"OVER 110,000",10390
1009700,2009,"OVER 110,000",13433
269600,2009,"OVER 110,000",11806
269000,2009,"OVER 110,000",10485
269700,2009,"OVER 110,000",10451
475900,2009,"OVER 110,000",10487
214300,2009,"OVER 110,000",31524
325100,2009,"OVER 110,000",17587
304000,2009,"OVER 110,000",4043
2336700,2009,"OVER 110,000",19188
271200,2009,"OVER 110,000",18856
499600,2009,"OVER 110,000",7902
280800,2009,"OVER 110,000",20485
299500,2009,"OVER 110,000",12056
1040200,2009,"OVER 110,000",17683
346300,2009,"OVER 110,000",14206
346100,2009,"OVER 110,000",16133
356000,2009,"OVER 110,000",18777
1076100,2009,"OVER 110,000",29591
395600,2009,"OVER 110,000",8016
473100,2009,"OVER 110,000",35087
257300,2009,"OVER 110,000",35968
154300,2009,"OVER 110,000",8523
1082700,2009,"OVER 110,000",9888
291800,2009,"OVER 110,000",32561
291900,2009,"OVER 110,000",12750
381100,2009,"OVER 110,000",23128
2169100,2009,"OVER 110,000",22060
3025800,2009,"OVER 110,000",18280
252900,2009,"OVER 110,000",9074
4117300,2009,"OVER 110,000",23523
214400,2009,"OVER 110,000",28292
304100,2009,"OVER 110,000",20456
4139800,2009,"OVER 110,000",24196
142800,2009,"OVER 110,000",5881
325200,2009,"OVER 110,000",33671
462500,2009,"OVER 110,000",10764
225100,2009,"OVER 110,000",10303
3332600,2009,"OVER 110,000",30540
2538300,2009,"OVER 110,000",31575
240300,2009,"OVER 110,000",13540
2619200,2009,"OVER 110,000",15024
536300,2009,"OVER 110,000",7591
167100,2009,"OVER 110,000",34877
179200,2009,"OVER 110,000",30517
712000,2009,"OVER 110,000",11191
398600,2009,"OVER 110,000",29721
2298000,2009,"OVER 110,000",26118
325300,2009,"OVER 110,000",37615
298900,2009,"OVER 110,000",12472
3724300,2009,"OVER 110,000",21756
4127400,2009,"OVER 110,000",29937
200400,2009,"OVER 110,000",22730
1148100,2009,"OVER 110,000",31255
367100,2009,"OVER 110,000",14444
254400,2009,"OVER 110,000",18346
271300,2009,"OVER 110,000",16931
119600,2009,"OVER 110,000",37380
2164300,2009,"OVER 110,000",13620
185900,2009,"OVER 110,000",23706
469200,2009,"OVER 110,000",26318
2068300,2009,"OVER 110,000",22688
2588200,2009,"OVER 110,000",26868
266700,2009,"OVER 110,000",24066
186000,2009,"OVER 110,000",25833
260300,2009,"OVER 110,000",37255
325600,2009,"OVER 110,000",37574
246100,2009,"OVER 110,000",25526
489300,2009,"OVER 110,000",15680
489302,2009,"OVER 110,000",14555
292000,2009,"OVER 110,000",42114
989200,2009,"OVER 110,000",24364
464100,2009,"OVER 110,000",28481
325800,2009,"OVER 110,000",26358
286400,2009,"OVER 110,000",9262
683500,2009,"OVER 110,000",10973
2178501,2009,"OVER 110,000",25044
2178500,2009,"OVER 110,000",19029
179300,2009,"OVER 110,000",32396
292300,2009,"OVER 110,000",15227
886200,2009,"OVER 110,000",6317
240400,2009,"OVER 110,000",7840
1099700,2009,"OVER 110,000",10482
332000,2009,"OVER 110,000",15202
348700,2009,"OVER 110,000",13931
356400,2009,"OVER 110,000",23484
142500,2009,"OVER 110,000",20647
147000,2009,"OVER 110,000",9594
167400,2009,"OVER 110,000",17994
407500,2009,"OVER 110,000",10680
196300,2009,"OVER 110,000",12715
527700,2009,"OVER 110,000",10056
370800,2009,"OVER 110,000",23063
225900,2009,"OVER 110,000",15347
214500,2009,"OVER 110,000",27935
265100,2009,"OVER 110,000",11510
315500,2009,"OVER 110,000",5670
319300,2009,"OVER 110,000",17205
325900,2009,"OVER 110,000",31327
377500,2009,"OVER 110,000",16379
392900,2009,"OVER 110,000",7186
2522700,2009,"OVER 110,000",18315
148700,2009,"OVER 110,000",31183
3916300,2009,"OVER 110,000",13167
384800,2009,"OVER 110,000",25047
332100,2009,"OVER 110,000",15945
1275000,2009,"OVER 110,000",9933
500100,2009,"OVER 110,000",11584
147800,2009,"OVER 110,000",15911
1038700,2009,"OVER 110,000",5827
2091200,2009,"OVER 110,000",27996
167500,2009,"OVER 110,000",10163
292600,2009,"OVER 110,000",7367
326200,2009,"OVER 110,000",26776
199100,2009,"OVER 110,000",8893
186200,2009,"OVER 110,000",9672
167600,2009,"OVER 110,000",24832
271800,2009,"OVER 110,000",28024
292700,2009,"OVER 110,000",31089
147900,2009,"OVER 110,000",35451
147902,2009,"OVER 110,000",31990
214600,2009,"OVER 110,000",37050
214700,2009,"OVER 110,000",31474
156300,2009,"OVER 110,000",15541
2328900,2009,"OVER 110,000",17374
370900,2009,"OVER 110,000",20531
156400,2009,"OVER 110,000",41490
966400,2009,"OVER 110,000",31068
2141103,2009,"OVER 110,000",38500
1234301,2009,"OVER 110,000",29124
2252701,2009,"OVER 110,000",30528
987000,2009,"OVER 110,000",32172
2149801,2009,"OVER 110,000",33744
1292100,2009,"OVER 110,000",27132
2173201,2009,"OVER 110,000",30252
1301500,2009,"OVER 110,000",33036
1180801,2009,"OVER 110,000",32064
1296800,2009,"OVER 110,000",46056
2344200,2009,"OVER 110,000",32580
902501,2009,"OVER 110,000",37020
1291600,2009,"OVER 110,000",52536
2607600,2009,"OVER 110,000",36888
987002,2009,"OVER 110,000",30528
1291700,2009,"OVER 110,000",52440
1180800,2009,"OVER 110,000",29544
1291500,2009,"OVER 110,000",48816
2079401,2009,"OVER 110,000",28128
3077600,2009,"OVER 110,000",47064
1260601,2009,"OVER 110,000",35520
1260500,2009,"OVER 110,000",24528
2599500,2009,"OVER 110,000",33000
966500,2009,"OVER 110,000",34476
2177100,2009,"OVER 110,000",49968
1291400,2009,"OVER 110,000",49008
2345200,2009,"OVER 110,000",30780
1170800,2009,"OVER 110,000",28728
1260602,2009,"OVER 110,000",38196
1070900,2009,"OVER 110,000",38668
1102000,2009,"OVER 110,000",32484
1097000,2009,"OVER 110,000",31776
1054201,2009,"OVER 110,000",33408
2141102,2009,"OVER 110,000",34678
945900,2009,"OVER 110,000",30216
2076700,2009,"OVER 110,000",28908
2173200,2009,"OVER 110,000",29220
2332100,2009,"OVER 110,000",47184
902500,2009,"OVER 110,000",33876
817800,2009,"OVER 110,000",32568
966601,2009,"OVER 110,000",37320
3077603,2009,"OVER 110,000",47904
1054100,2009,"OVER 110,000",32496
978300,2009,"OVER 110,000",31344
1054301,2009,"OVER 110,000",32400
2220300,2009,"OVER 110,000",32256
966401,2009,"OVER 110,000",35040
1260600,2009,"OVER 110,000",33060
1180802,2009,"OVER 110,000",31632
757300,2009,"OVER 110,000",31260
966600,2009,"OVER 110,000",31620
1102101,2009,"OVER 110,000",38856
1163800,2009,"OVER 110,000",32604
1260700,2009,"OVER 110,000",30444
2160600,2009,"OVER 110,000",34538
886500,2009,"OVER 110,000",30888
2261800,2009,"OVER 110,000",29880
2288800,2009,"OVER 110,000",30648
2176900,2009,"OVER 110,000",29400
1054104,2009,"OVER 110,000",31776
1054300,2009,"OVER 110,000",31152
1054200,2009,"OVER 110,000",30084
1102100,2009,"OVER 110,000",32628
192700,2009,"OVER 110,000",13918
214800,2009,"OVER 110,000",33569
2126500,2009,"OVER 110,000",28308
101500,2009,"OVER 110,000",6315
1068400,2009,"OVER 110,000",7021
2203900,2009,"OVER 110,000",20190
343200,2009,"OVER 110,000",17050
3156300,2009,"OVER 110,000",11123
2556100,2009,"OVER 110,000",19551
167800,2009,"OVER 110,000",20465
246300,2009,"OVER 110,000",18263
2300100,2009,"OVER 110,000",23238
450300,2009,"OVER 110,000",24860
2300103,2009,"OVER 110,000",23376
2237500,2009,"OVER 110,000",28277
926700,2009,"OVER 110,000",41895
907900,2009,"OVER 110,000",22168
2606200,2009,"OVER 110,000",25335
2617500,2009,"OVER 110,000",24299
2300104,2009,"OVER 110,000",25184
450700,2009,"OVER 110,000",26500
982802,2009,"OVER 110,000",30304
2606202,2009,"OVER 110,000",25024
982801,2009,"OVER 110,000",23288
982803,2009,"OVER 110,000",24368
3072303,2009,"OVER 110,000",26912
2261302,2009,"OVER 110,000",30776
2261303,2009,"OVER 110,000",26216
3072304,2009,"OVER 110,000",25952
1110901,2009,"OVER 110,000",39876
2261300,2009,"OVER 110,000",24976
982804,2009,"OVER 110,000",23776
982800,2009,"OVER 110,000",22480
2617506,2009,"OVER 110,000",23481
153408,2009,"OVER 110,000",23154
2599805,2009,"OVER 110,000",15096
149900,2009,"OVER 110,000",22252
153409,2009,"OVER 110,000",23780
814600,2009,"OVER 110,000",22808
149901,2009,"OVER 110,000",21799
377600,2009,"OVER 110,000",11581
3108500,2009,"OVER 110,000",20401
3973300,2009,"OVER 110,000",26816
138500,2009,"OVER 110,000",38766
260701,2009,"OVER 110,000",32485
260700,2009,"OVER 110,000",22095
381200,2009,"OVER 110,000",14597
712100,2009,"OVER 110,000",17808
285800,2009,"OVER 110,000",11432
1111200,2009,"OVER 110,000",34474
1111203,2009,"OVER 110,000",33985
1111204,2009,"OVER 110,000",34233
1111202,2009,"OVER 110,000",33896
286600,2009,"OVER 110,000",14553
100300,2009,"OVER 110,000",17271
292800,2009,"OVER 110,000",12167
764000,2009,"OVER 110,000",9103
261000,2009,"OVER 110,000",29177
226000,2009,"OVER 110,000",18042
371100,2009,"OVER 110,000",27576
753200,2009,"OVER 110,000",13260
232200,2009,"OVER 110,000",15643
349000,2009,"OVER 110,000",22331
218400,2009,"OVER 110,000",14157
1256100,2009,"OVER 110,000",22507
789300,2009,"OVER 110,000",19954
677700,2009,"OVER 110,000",12514
526400,2009,"OVER 110,000",12740
399000,2009,"OVER 110,000",7125
148000,2009,"OVER 110,000",9126
148100,2009,"OVER 110,000",12178
148200,2009,"OVER 110,000",19822
3255300,2009,"OVER 110,000",15408
146900,2009,"OVER 110,000",30217
148600,2009,"OVER 110,000",12837
4129900,2009,"OVER 110,000",17802
148800,2009,"OVER 110,000",20212
147700,2009,"OVER 110,000",9698
148400,2009,"OVER 110,000",10814
148900,2009,"OVER 110,000",16453
3129100,2009,"OVER 110,000",20497
246400,2009,"OVER 110,000",20850
272200,2009,"OVER 110,000",35977
191500,2009,"OVER 110,000",11528
135300,2009,"OVER 110,000",16162
3480300,2009,"OVER 110,000",25263
2190700,2009,"OVER 110,000",20735
941200,2009,"OVER 110,000",20601
3424400,2009,"OVER 110,000",23868
2326303,2009,"OVER 110,000",21564
3493301,2009,"OVER 110,000",21265
2326300,2009,"OVER 110,000",21384
3480301,2009,"OVER 110,000",21735
3480303,2009,"OVER 110,000",23301
1031900,2009,"OVER 110,000",19280
2522800,2009,"OVER 110,000",20234
974400,2009,"OVER 110,000",11300
218500,2009,"OVER 110,000",16577
2222700,2009,"OVER 110,000",3528
303600,2009,"OVER 110,000",26125
326500,2009,"OVER 110,000",41147
179800,2009,"OVER 110,000",23540
257500,2009,"OVER 110,000",27852
304600,2009,"OVER 110,000",23118
3946300,2009,"OVER 110,000",10764
207100,2009,"OVER 110,000",10614
349200,2009,"OVER 110,000",19088
125300,2009,"OVER 110,000",23420
191800,2009,"OVER 110,000",20300
793300,2009,"OVER 110,000",15099
2362100,2009,"OVER 110,000",48293
286700,2009,"OVER 110,000",9355
343400,2009,"OVER 110,000",30137
3083703,2009,"OVER 110,000",20712
3083700,2009,"OVER 110,000",19836
3083701,2009,"OVER 110,000",21408
3083702,2009,"OVER 110,000",20664
144300,2009,"OVER 110,000",18936
326600,2009,"OVER 110,000",25411
191900,2009,"OVER 110,000",5616
292900,2009,"OVER 110,000",22001
1001400,2009,"OVER 110,000",11139
527300,2009,"OVER 110,000",9000
803700,2009,"OVER 110,000",10518
830300,2009,"OVER 110,000",12718
456000,2009,"OVER 110,000",17217
2231900,2009,"OVER 110,000",16860
2231901,2009,"OVER 110,000",25038
2203301,2009,"OVER 110,000",24115
2203300,2009,"OVER 110,000",27820
678200,2009,"OVER 110,000",10870
326700,2009,"OVER 110,000",22497
319400,2009,"OVER 110,000",27303
374900,2009,"OVER 110,000",16165
144400,2009,"OVER 110,000",36602
196400,2009,"OVER 110,000",18381
144500,2009,"OVER 110,000",41129
160200,2009,"OVER 110,000",13223
4142900,2009,"OVER 110,000",10375
950700,2009,"OVER 110,000",10075
3089100,2009,"OVER 110,000",22032
156900,2009,"OVER 110,000",8796
156200,2009,"OVER 110,000",9408
157200,2009,"OVER 110,000",15842
157300,2009,"OVER 110,000",13126
157400,2009,"OVER 110,000",14711
260800,2009,"OVER 110,000",25920
326800,2009,"OVER 110,000",29877
973900,2009,"OVER 110,000",20916
2338500,2009,"OVER 110,000",44520
107600,2009,"OVER 110,000",10802
381300,2009,"OVER 110,000",8831
2540800,2009,"OVER 110,000",30594
464200,2009,"OVER 110,000",23546
226400,2009,"OVER 110,000",6183
142900,2009,"OVER 110,000",14934
3010612,2009,"OVER 110,000",27512
3010611,2009,"OVER 110,000",26117
3010614,2009,"OVER 110,000",24656
377800,2009,"OVER 110,000",27759
2244900,2009,"OVER 110,000",22813
215300,2009,"OVER 110,000",29757
157500,2009,"OVER 110,000",12201
179900,2009,"OVER 110,000",19013
207300,2009,"OVER 110,000",31624
226500,2009,"OVER 110,000",18152
180000,2009,"OVER 110,000",21550
254700,2009,"OVER 110,000",12787
186600,2009,"OVER 110,000",19900
107400,2009,"OVER 110,000",29860
226700,2009,"OVER 110,000",7768
226800,2009,"OVER 110,000",16574
186700,2009,"OVER 110,000",19215
3101300,2009,"OVER 110,000",12446
258300,2009,"OVER 110,000",21640
931400,2009,"OVER 110,000",11026
226900,2009,"OVER 110,000",16923
2112200,2009,"OVER 110,000",20844
2117300,2009,"OVER 110,000",50496
1086000,2009,"OVER 110,000",15828
368700,2009,"OVER 110,000",30221
378000,2009,"OVER 110,000",10660
293000,2009,"OVER 110,000",19945
168400,2009,"OVER 110,000",24162
186800,2009,"OVER 110,000",30355
293100,2009,"OVER 110,000",21903
483800,2009,"OVER 110,000",9077
149000,2009,"OVER 110,000",8330
235300,2009,"OVER 110,000",28676
2582200,2009,"OVER 110,000",21190
2288400,2009,"OVER 110,000",9685
207400,2009,"OVER 110,000",7735
3327300,2009,"OVER 110,000",27624
3965500,2009,"OVER 110,000",22236
2215100,2009,"OVER 110,000",67780
272800,2009,"OVER 110,000",39361
1206400,2009,"OVER 110,000",15073
235400,2009,"OVER 110,000",26594
371300,2009,"OVER 110,000",27629
466100,2009,"OVER 110,000",33143
371400,2009,"OVER 110,000",15654
2529500,2009,"OVER 110,000",9846
908900,2009,"OVER 110,000",15299
180100,2009,"OVER 110,000",23805
357100,2009,"OVER 110,000",21610
109700,2009,"OVER 110,000",17158
207500,2009,"OVER 110,000",7338
2055200,2009,"OVER 110,000",28739
246600,2009,"OVER 110,000",10098
327300,2009,"OVER 110,000",11731
3948300,2009,"OVER 110,000",17294
272900,2009,"OVER 110,000",28290
215500,2009,"OVER 110,000",32145
117100,2009,"OVER 110,000",34545
254800,2009,"OVER 110,000",22186
327400,2009,"OVER 110,000",38455
525800,2009,"OVER 110,000",9391
727900,2009,"OVER 110,000",24084
459500,2009,"OVER 110,000",10710
696200,2009,"OVER 110,000",9413
2298200,2009,"OVER 110,000",22256
3963300,2009,"OVER 110,000",24310
3778300,2009,"OVER 110,000",25432
3083800,2009,"OVER 110,000",8045
168500,2009,"OVER 110,000",27777
304800,2009,"OVER 110,000",21311
757000,2009,"OVER 110,000",14223
1015300,2009,"OVER 110,000",28021
199300,2009,"OVER 110,000",9235
109900,2009,"OVER 110,000",22630
1049100,2009,"OVER 110,000",16397
227000,2009,"OVER 110,000",8196
2611000,2009,"OVER 110,000",31304
2611004,2009,"OVER 110,000",29232
3035800,2009,"OVER 110,000",29584
478800,2009,"OVER 110,000",11043
2089700,2009,"OVER 110,000",22601
1019300,2009,"OVER 110,000",20732
2089711,2009,"OVER 110,000",22758
962100,2009,"OVER 110,000",22770
1101700,2009,"OVER 110,000",23601
2089709,2009,"OVER 110,000",32830
192000,2009,"OVER 110,000",21312
235500,2009,"OVER 110,000",12474
1027900,2009,"OVER 110,000",24694
293300,2009,"OVER 110,000",28184
168100,2009,"OVER 110,000",8470
192100,2009,"OVER 110,000",6889
253101,2009,"OVER 110,000",13423
378100,2009,"OVER 110,000",11122
273500,2009,"OVER 110,000",19382
357300,2009,"OVER 110,000",8916
1026600,2009,"OVER 110,000",14828
304900,2009,"OVER 110,000",21798
1099300,2009,"OVER 110,000",24426
273100,2009,"OVER 110,000",34280
759800,2009,"OVER 110,000",13389
3037500,2009,"OVER 110,000",16109
273200,2009,"OVER 110,000",32788
849400,2009,"OVER 110,000",18522
371500,2009,"OVER 110,000",25788
240800,2009,"OVER 110,000",9983
726300,2009,"OVER 110,000",21284
327500,2009,"OVER 110,000",16608
118300,2009,"OVER 110,000",21494
217000,2009,"OVER 110,000",12533
161200,2009,"OVER 110,000",7422
207600,2009,"OVER 110,000",20160
227300,2009,"OVER 110,000",27477
199400,2009,"OVER 110,000",8534
273400,2009,"OVER 110,000",24466
357600,2009,"OVER 110,000",26310
357400,2009,"OVER 110,000",7171
817500,2009,"OVER 110,000",15182
357500,2009,"OVER 110,000",20005
144800,2009,"OVER 110,000",15970
1295400,2009,"OVER 110,000",7366
286800,2009,"OVER 110,000",11643
114900,2009,"OVER 110,000",15548
121200,2009,"OVER 110,000",18912
2206000,2009,"OVER 110,000",14756
101900,2009,"OVER 110,000",19314
180300,2009,"OVER 110,000",24399
204300,2009,"OVER 110,000",19070
357700,2009,"OVER 110,000",10050
3006300,2009,"OVER 110,000",12670
863500,2009,"OVER 110,000",29145
162000,2009,"OVER 110,000",13313
675300,2009,"OVER 110,000",4399
168800,2009,"OVER 110,000",22448
169100,2009,"OVER 110,000",23458
169200,2009,"OVER 110,000",20729
170500,2009,"OVER 110,000",8089
169600,2009,"OVER 110,000",29447
327600,2009,"OVER 110,000",28925
959000,2009,"OVER 110,000",19800
192400,2009,"OVER 110,000",7600
840300,2009,"OVER 110,000",13544
149300,2009,"OVER 110,000",5961
180500,2009,"OVER 110,000",20934
180700,2009,"OVER 110,000",16863
180900,2009,"OVER 110,000",14311
181100,2009,"OVER 110,000",13175
181400,2009,"OVER 110,000",11567
181500,2009,"OVER 110,000",13854
182800,2009,"OVER 110,000",17850
181300,2009,"OVER 110,000",16203
181600,2009,"OVER 110,000",12705
181700,2009,"OVER 110,000",13814
182200,2009,"OVER 110,000",26380
3094800,2009,"OVER 110,000",35625
2128300,2009,"OVER 110,000",18963
3536300,2009,"OVER 110,000",18150
4130200,2009,"OVER 110,000",36256
3067500,2009,"OVER 110,000",25083
393805,2009,"OVER 110,000",11271
393806,2009,"OVER 110,000",11847
393811,2009,"OVER 110,000",10698
393800,2009,"OVER 110,000",11872
393809,2009,"OVER 110,000",11696
393803,2009,"OVER 110,000",8311
2257900,2009,"OVER 110,000",21910
3031409,2009,"OVER 110,000",23842
2222900,2009,"OVER 110,000",12245
457900,2009,"OVER 110,000",23600
457901,2009,"OVER 110,000",26712
1285000,2009,"OVER 110,000",26610
3732300,2009,"OVER 110,000",50292
974000,2009,"OVER 110,000",17927
273700,2009,"OVER 110,000",28644
186500,2009,"OVER 110,000",10713
186400,2009,"OVER 110,000",10944
186900,2009,"OVER 110,000",17020
459800,2009,"OVER 110,000",10936
2157900,2009,"OVER 110,000",17480
737500,2009,"OVER 110,000",21193
235600,2009,"OVER 110,000",12259
273900,2009,"OVER 110,000",34035
2166200,2009,"OVER 110,000",37224
455301,2009,"OVER 110,000",24927
2065201,2009,"OVER 110,000",26471
2328600,2009,"OVER 110,000",24971
732901,2009,"OVER 110,000",25248
732706,2009,"OVER 110,000",25149
3087505,2009,"OVER 110,000",25773
732902,2009,"OVER 110,000",25181
2361103,2009,"OVER 110,000",25186
3073401,2009,"OVER 110,000",25141
455300,2009,"OVER 110,000",25762
1062704,2009,"OVER 110,000",25145
3073403,2009,"OVER 110,000",24975
832905,2009,"OVER 110,000",25294
3073404,2009,"OVER 110,000",25209
2321705,2009,"OVER 110,000",25333
2359804,2009,"OVER 110,000",25547
755703,2009,"OVER 110,000",25122
908800,2009,"OVER 110,000",25502
3087603,2009,"OVER 110,000",25607
3087604,2009,"OVER 110,000",24825
755700,2009,"OVER 110,000",25241
3087502,2009,"OVER 110,000",24685
3071801,2009,"OVER 110,000",25555
832900,2009,"OVER 110,000",25181
1062702,2009,"OVER 110,000",25032
3087501,2009,"OVER 110,000",24998
3087500,2009,"OVER 110,000",25248
2359802,2009,"OVER 110,000",24955
732905,2009,"OVER 110,000",24975
2361001,2009,"OVER 110,000",25218
844302,2009,"OVER 110,000",25130
732903,2009,"OVER 110,000",25424
732907,2009,"OVER 110,000",25427
732900,2009,"OVER 110,000",26077
2286502,2009,"OVER 110,000",25731
3087401,2009,"OVER 110,000",25324
3087402,2009,"OVER 110,000",25305
3073400,2009,"OVER 110,000",25577
3087600,2009,"OVER 110,000",25112
2291504,2009,"OVER 110,000",25184
3087602,2009,"OVER 110,000",24784
732708,2009,"OVER 110,000",25464
2321701,2009,"OVER 110,000",25589
2321703,2009,"OVER 110,000",24994
732705,2009,"OVER 110,000",25332
2321802,2009,"OVER 110,000",25708
2321902,2009,"OVER 110,000",25696
2361000,2009,"OVER 110,000",25533
2359800,2009,"OVER 110,000",24915
2291600,2009,"OVER 110,000",25211
732700,2009,"OVER 110,000",24843
732701,2009,"OVER 110,000",25613
2359803,2009,"OVER 110,000",25572
732703,2009,"OVER 110,000",25666
832904,2009,"OVER 110,000",25226
755702,2009,"OVER 110,000",25263
2321900,2009,"OVER 110,000",24958
1185204,2009,"OVER 110,000",25220
455302,2009,"OVER 110,000",25241
2321801,2009,"OVER 110,000",25839
2361104,2009,"OVER 110,000",25537
983702,2009,"OVER 110,000",25085
2361002,2009,"OVER 110,000",25540
1185200,2009,"OVER 110,000",25293
2120900,2009,"OVER 110,000",25460
3073402,2009,"OVER 110,000",25168
2286503,2009,"OVER 110,000",24924
2361102,2009,"OVER 110,000",25597
3071400,2009,"OVER 110,000",25402
3070400,2009,"OVER 110,000",25243
2291500,2009,"OVER 110,000",25078
844300,2009,"OVER 110,000",25587
832907,2009,"OVER 110,000",25417
3071800,2009,"OVER 110,000",25355
2286504,2009,"OVER 110,000",24899
908803,2009,"OVER 110,000",25389
755705,2009,"OVER 110,000",25426
2321800,2009,"OVER 110,000",24912
2286500,2009,"OVER 110,000",24813
983703,2009,"OVER 110,000",25024
2065200,2009,"OVER 110,000",25436
3087400,2009,"OVER 110,000",25250
832903,2009,"OVER 110,000",25164
2065202,2009,"OVER 110,000",25868
755704,2009,"OVER 110,000",25773
2328602,2009,"OVER 110,000",25184
2321700,2009,"OVER 110,000",25438
3071802,2009,"OVER 110,000",25868
732707,2009,"OVER 110,000",24779
1062700,2009,"OVER 110,000",25018
983700,2009,"OVER 110,000",25501
991700,2009,"OVER 110,000",9849
951500,2009,"OVER 110,000",23496
375900,2009,"OVER 110,000",8428
227400,2009,"OVER 110,000",9977
241000,2009,"OVER 110,000",14655
102000,2009,"OVER 110,000",14430
149500,2009,"OVER 110,000",24640
106000,2009,"OVER 110,000",6250
372100,2009,"OVER 110,000",18427
768700,2009,"OVER 110,000",3447
286900,2009,"OVER 110,000",10504
363700,2009,"OVER 110,000",15712
3680300,2009,"OVER 110,000",19020
2616100,2009,"OVER 110,000",22423
246800,2009,"OVER 110,000",9290
662200,2009,"OVER 110,000",19576
696100,2009,"OVER 110,000",9666
287000,2009,"OVER 110,000",9021
274000,2009,"OVER 110,000",13673
2146800,2009,"OVER 110,000",29916
807600,2009,"OVER 110,000",4270
110000,2009,"OVER 110,000",22608
305000,2009,"OVER 110,000",27252
400400,2009,"OVER 110,000",7872
1281300,2009,"OVER 110,000",8883
207700,2009,"OVER 110,000",41290
340410,2009,"OVER 110,000",26880
340409,2009,"OVER 110,000",26647
340403,2009,"OVER 110,000",27178
340400,2009,"OVER 110,000",27949
293600,2009,"OVER 110,000",20720
2114200,2009,"OVER 110,000",24560
824400,2009,"OVER 110,000",12306
368800,2009,"OVER 110,000",17704
349500,2009,"OVER 110,000",17253
2156700,2009,"OVER 110,000",22917
933600,2009,"OVER 110,000",8757
3205400,2009,"OVER 110,000",13984
169900,2009,"OVER 110,000",7737
241100,2009,"OVER 110,000",8898
1151900,2009,"OVER 110,000",25676
102300,2009,"OVER 110,000",16829
327900,2009,"OVER 110,000",26940
227500,2009,"OVER 110,000",27487
694900,2009,"OVER 110,000",6177
247300,2009,"OVER 110,000",32818
192500,2009,"OVER 110,000",13850
192800,2009,"OVER 110,000",15660
192900,2009,"OVER 110,000",19669
161300,2009,"OVER 110,000",7114
458607,2009,"OVER 110,000",26425
458604,2009,"OVER 110,000",26856
458600,2009,"OVER 110,000",25216
458605,2009,"OVER 110,000",27364
794600,2009,"OVER 110,000",26772
458609,2009,"OVER 110,000",27091
458608,2009,"OVER 110,000",26969
2318200,2009,"OVER 110,000",19648
262200,2009,"OVER 110,000",20756
259000,2009,"OVER 110,000",18848
2151900,2009,"OVER 110,000",15732
227600,2009,"OVER 110,000",8611
170300,2009,"OVER 110,000",37904
982600,2009,"OVER 110,000",12789
157700,2009,"OVER 110,000",15527
2341100,2009,"OVER 110,000",27456
305105,2009,"OVER 110,000",12973
305106,2009,"OVER 110,000",13802
305101,2009,"OVER 110,000",11682
305100,2009,"OVER 110,000",19877
305107,2009,"OVER 110,000",12486
305102,2009,"OVER 110,000",11490
305104,2009,"OVER 110,000",12338
305103,2009,"OVER 110,000",12555
196500,2009,"OVER 110,000",18821
196800,2009,"OVER 110,000",12688
196900,2009,"OVER 110,000",15654
306500,2009,"OVER 110,000",41678
703500,2009,"OVER 110,000",18066
226200,2009,"OVER 110,000",27719
274400,2009,"OVER 110,000",22949
328000,2009,"OVER 110,000",9259
349600,2009,"OVER 110,000",17300
328200,2009,"OVER 110,000",25195
293700,2009,"OVER 110,000",24110
407600,2009,"OVER 110,000",14219
768400,2009,"OVER 110,000",9106
3428300,2009,"OVER 110,000",10378
170400,2009,"OVER 110,000",26437
332200,2009,"OVER 110,000",17873
231100,2009,"OVER 110,000",15532
2609203,2009,"OVER 110,000",22216
765900,2009,"OVER 110,000",30394
1300600,2009,"OVER 110,000",28560
2134500,2009,"OVER 110,000",30504
2312300,2009,"OVER 110,000",30612
842400,2009,"OVER 110,000",33168
959300,2009,"OVER 110,000",29088
2274100,2009,"OVER 110,000",29520
398700,2009,"OVER 110,000",27798
328700,2009,"OVER 110,000",27337
121500,2009,"OVER 110,000",25692
952300,2009,"OVER 110,000",28176
193000,2009,"OVER 110,000",7958
328300,2009,"OVER 110,000",16692
328400,2009,"OVER 110,000",35618
157800,2009,"OVER 110,000",20230
2330500,2009,"OVER 110,000",29963
530900,2009,"OVER 110,000",11913
306600,2009,"OVER 110,000",24531
170600,2009,"OVER 110,000",27976
764400,2009,"OVER 110,000",8057
227700,2009,"OVER 110,000",12942
299100,2009,"OVER 110,000",9815
575700,2009,"OVER 110,000",14364
229300,2009,"OVER 110,000",15393
150200,2009,"OVER 110,000",6045
385400,2009,"OVER 110,000",21452
680400,2009,"OVER 110,000",10136
755500,2009,"OVER 110,000",17116
919400,2009,"OVER 110,000",10756
135500,2009,"OVER 110,000",8041
3627300,2009,"OVER 110,000",10833
2358200,2009,"OVER 110,000",6066
2348500,2009,"OVER 110,000",6289
358100,2009,"OVER 110,000",17998
1301000,2009,"OVER 110,000",9636
328500,2009,"OVER 110,000",21830
2212700,2009,"OVER 110,000",18528
343500,2009,"OVER 110,000",14935
2532600,2009,"OVER 110,000",47275
349900,2009,"OVER 110,000",10060
315700,2009,"OVER 110,000",13777
777900,2009,"OVER 110,000",19483
2292700,2009,"OVER 110,000",15876
925900,2009,"OVER 110,000",7971
215800,2009,"OVER 110,000",25679
367200,2009,"OVER 110,000",6156
227900,2009,"OVER 110,000",26412
385600,2009,"OVER 110,000",30557
3022601,2009,"OVER 110,000",45839
2569300,2009,"OVER 110,000",33468
3006802,2009,"OVER 110,000",47062
2352200,2009,"OVER 110,000",33699
2616703,2009,"OVER 110,000",39470
3006801,2009,"OVER 110,000",45194
3022602,2009,"OVER 110,000",34005
3031403,2009,"OVER 110,000",54594
3210300,2009,"OVER 110,000",28753
3022600,2009,"OVER 110,000",51238
2220200,2009,"OVER 110,000",35715
2616700,2009,"OVER 110,000",48631
2569304,2009,"OVER 110,000",30320
274800,2009,"OVER 110,000",25373
328800,2009,"OVER 110,000",28026
358300,2009,"OVER 110,000",8980
350000,2009,"OVER 110,000",15015
293900,2009,"OVER 110,000",20545
454900,2009,"OVER 110,000",5448
681000,2009,"OVER 110,000",7419
328900,2009,"OVER 110,000",39421
294100,2009,"OVER 110,000",19852
216000,2009,"OVER 110,000",32522
358400,2009,"OVER 110,000",24605
319700,2009,"OVER 110,000",36068
1002000,2009,"OVER 110,000",9087
170700,2009,"OVER 110,000",21448
162100,2009,"OVER 110,000",15805
2053000,2009,"OVER 110,000",26815
2270600,2009,"OVER 110,000",21419
2074800,2009,"OVER 110,000",21781
746600,2009,"OVER 110,000",37087
343600,2009,"OVER 110,000",25670
170800,2009,"OVER 110,000",17894
170900,2009,"OVER 110,000",21296
940700,2009,"OVER 110,000",24442
793600,2009,"OVER 110,000",44490
754700,2009,"OVER 110,000",63668
835300,2009,"OVER 110,000",28674
793800,2009,"OVER 110,000",44473
1031600,2009,"OVER 110,000",40304
744000,2009,"OVER 110,000",38448
2280800,2009,"OVER 110,000",24974
717000,2009,"OVER 110,000",11488
350200,2009,"OVER 110,000",12010
775900,2009,"OVER 110,000",31176
3232302,2009,"OVER 110,000",20784
1246104,2009,"OVER 110,000",50560
2228800,2009,"OVER 110,000",38004
1246100,2009,"OVER 110,000",40572
3316300,2009,"OVER 110,000",31850
3196302,2009,"OVER 110,000",24690
750601,2009,"OVER 110,000",26724
1246102,2009,"OVER 110,000",27658
730300,2009,"OVER 110,000",37695
1246105,2009,"OVER 110,000",41595
1246103,2009,"OVER 110,000",43812
783200,2009,"OVER 110,000",24407
730303,2009,"OVER 110,000",40665
3196300,2009,"OVER 110,000",28584
2291000,2009,"OVER 110,000",19175
750600,2009,"OVER 110,000",42861
750602,2009,"OVER 110,000",35399
978600,2009,"OVER 110,000",3273
247900,2009,"OVER 110,000",7201
329000,2009,"OVER 110,000",18078
248000,2009,"OVER 110,000",28397
197200,2009,"OVER 110,000",15871
319800,2009,"OVER 110,000",27555
693800,2009,"OVER 110,000",10755
275116,2009,"OVER 110,000",28000
275100,2009,"OVER 110,000",29910
294200,2009,"OVER 110,000",17257
332300,2009,"OVER 110,000",16266
1114500,2009,"OVER 110,000",8567
371900,2009,"OVER 110,000",19244
187300,2009,"OVER 110,000",20360
4037300,2009,"OVER 110,000",57708
294300,2009,"OVER 110,000",18932
2536400,2009,"OVER 110,000",13468
200700,2009,"OVER 110,000",10788
201000,2009,"OVER 110,000",13034
201100,2009,"OVER 110,000",9619
201200,2009,"OVER 110,000",8606
201300,2009,"OVER 110,000",9130
200800,2009,"OVER 110,000",10536
306900,2009,"OVER 110,000",17857
378200,2009,"OVER 110,000",11843
1164900,2009,"OVER 110,000",39523
171000,2009,"OVER 110,000",33769
207800,2009,"OVER 110,000",32515
201600,2009,"OVER 110,000",13024
358600,2009,"OVER 110,000",20049
3520300,2009,"OVER 110,000",12516
187400,2009,"OVER 110,000",24113
681100,2009,"OVER 110,000",9149
329300,2009,"OVER 110,000",27783
372000,2009,"OVER 110,000",25061
368900,2009,"OVER 110,000",16259
150500,2009,"OVER 110,000",40599
108800,2009,"OVER 110,000",17766
235800,2009,"OVER 110,000",33039
171600,2009,"OVER 110,000",21113
171700,2009,"OVER 110,000",22621
400700,2009,"OVER 110,000",13591
854500,2009,"OVER 110,000",17315
2126300,2009,"OVER 110,000",15092
901000,2009,"OVER 110,000",8972
228200,2009,"OVER 110,000",14987
1111300,2009,"OVER 110,000",19941
1167300,2009,"OVER 110,000",28804
204400,2009,"OVER 110,000",16712
4092400,2009,"OVER 110,000",22860
307200,2009,"OVER 110,000",21309
139200,2009,"OVER 110,000",6076
258200,2009,"OVER 110,000",21672
182000,2009,"OVER 110,000",20680
550000,2009,"OVER 110,000",10950
193100,2009,"OVER 110,000",18722
275800,2009,"OVER 110,000",29482
275900,2009,"OVER 110,000",44200
276000,2009,"OVER 110,000",30004
329400,2009,"OVER 110,000",20637
332400,2009,"OVER 110,000",18824
2317200,2009,"OVER 110,000",20335
276300,2009,"OVER 110,000",13254
3440400,2009,"OVER 110,000",29538
386100,2009,"OVER 110,000",23219
182100,2009,"OVER 110,000",18724
830302,2009,"OVER 110,000",17988
307300,2009,"OVER 110,000",24762
102600,2009,"OVER 110,000",13156
1073600,2009,"OVER 110,000",9459
276500,2009,"OVER 110,000",30323
369000,2009,"OVER 110,000",36005
386300,2009,"OVER 110,000",29740
381500,2009,"OVER 110,000",12274
187500,2009,"OVER 110,000",9298
236100,2009,"OVER 110,000",15995
372300,2009,"OVER 110,000",15166
228400,2009,"OVER 110,000",14357
208000,2009,"OVER 110,000",35275
319900,2009,"OVER 110,000",27768
1047400,2009,"OVER 110,000",31140
276900,2009,"OVER 110,000",32787
372400,2009,"OVER 110,000",21258
350500,2009,"OVER 110,000",18292
248200,2009,"OVER 110,000",22286
329600,2009,"OVER 110,000",25306
217100,2009,"OVER 110,000",13813
218000,2009,"OVER 110,000",21248
218700,2009,"OVER 110,000",15742
217800,2009,"OVER 110,000",37187
218100,2009,"OVER 110,000",20560
217700,2009,"OVER 110,000",8437
696000,2009,"OVER 110,000",8534
299300,2009,"OVER 110,000",12101
210900,2009,"OVER 110,000",28106
172200,2009,"OVER 110,000",21466
359000,2009,"OVER 110,000",6185
359100,2009,"OVER 110,000",22332
3001200,2009,"OVER 110,000",30874
201700,2009,"OVER 110,000",9920
193300,2009,"OVER 110,000",19528
216500,2009,"OVER 110,000",33659
277700,2009,"OVER 110,000",22792
3763300,2009,"OVER 110,000",27288
3356300,2009,"OVER 110,000",18840
736200,2009,"OVER 110,000",27778
2588900,2009,"OVER 110,000",7532
3804400,2009,"OVER 110,000",31372
350700,2009,"OVER 110,000",21671
123600,2009,"OVER 110,000",36769
474000,2009,"OVER 110,000",2551
277200,2009,"OVER 110,000",19853
627300,2009,"OVER 110,000",21933
3097000,2009,"OVER 110,000",16900
329700,2009,"OVER 110,000",20173
294500,2009,"OVER 110,000",25321
3052000,2009,"OVER 110,000",27356
2326800,2009,"OVER 110,000",14715
212000,2009,"OVER 110,000",30605
107700,2009,"OVER 110,000",12297
400900,2009,"OVER 110,000",10011
329800,2009,"OVER 110,000",26094
533900,2009,"OVER 110,000",21474
976900,2009,"OVER 110,000",30670
1258600,2009,"OVER 110,000",8452
248444,2009,"OVER 110,000",5243
1037400,2009,"OVER 110,000",13492
136000,2009,"OVER 110,000",12156
150600,2009,"OVER 110,000",15412
307702,2009,"OVER 110,000",14208
307701,2009,"OVER 110,000",14083
307700,2009,"OVER 110,000",23899
2152100,2009,"OVER 110,000",19100
2060300,2009,"OVER 110,000",16924
229000,2009,"OVER 110,000",18193
229200,2009,"OVER 110,000",18888
676800,2009,"OVER 110,000",9786
694200,2009,"OVER 110,000",10351
255700,2009,"OVER 110,000",7560
538000,2009,"OVER 110,000",11108
703200,2009,"OVER 110,000",18972
351000,2009,"OVER 110,000",13582
369100,2009,"OVER 110,000",36226
261500,2009,"OVER 110,000",8930
979700,2009,"OVER 110,000",1687
255300,2009,"OVER 110,000",18057
456800,2009,"OVER 110,000",22276
3368300,2009,"OVER 110,000",22162
359200,2009,"OVER 110,000",12164
2248200,2009,"OVER 110,000",30394
2248205,2009,"OVER 110,000",31170
2248204,2009,"OVER 110,000",27807
2248206,2009,"OVER 110,000",29325
3098702,2009,"OVER 110,000",22842
3422301,2009,"OVER 110,000",28515
3098705,2009,"OVER 110,000",18963
3422300,2009,"OVER 110,000",28132
2497309,2009,"OVER 110,000",21852
2497300,2009,"OVER 110,000",20376
102800,2009,"OVER 110,000",14006
252800,2009,"OVER 110,000",6892
2614200,2009,"OVER 110,000",17898
332500,2009,"OVER 110,000",16643
351100,2009,"OVER 110,000",21181
172400,2009,"OVER 110,000",23535
123800,2009,"OVER 110,000",33888
241400,2009,"OVER 110,000",18035
386600,2009,"OVER 110,000",10764
2077100,2009,"OVER 110,000",25873
386800,2009,"OVER 110,000",28226
248600,2009,"OVER 110,000",7051
464500,2009,"OVER 110,000",16846
236500,2009,"OVER 110,000",32998
236200,2009,"OVER 110,000",16953
464606,2009,"OVER 110,000",22869
464601,2009,"OVER 110,000",24728
464602,2009,"OVER 110,000",23654
464600,2009,"OVER 110,000",24802
464604,2009,"OVER 110,000",23753
2238100,2009,"OVER 110,000",27048
239300,2009,"OVER 110,000",17350
554100,2009,"OVER 110,000",13584
236700,2009,"OVER 110,000",14660
236000,2009,"OVER 110,000",14425
526300,2009,"OVER 110,000",12982
299400,2009,"OVER 110,000",14391
324700,2009,"OVER 110,000",24525
241500,2009,"OVER 110,000",14527
241700,2009,"OVER 110,000",10354
242300,2009,"OVER 110,000",14328
242200,2009,"OVER 110,000",11862
754000,2009,"OVER 110,000",24844
250300,2009,"OVER 110,000",13760
251700,2009,"OVER 110,000",14393
248900,2009,"OVER 110,000",16201
249000,2009,"OVER 110,000",11788
139300,2009,"OVER 110,000",28857
249100,2009,"OVER 110,000",10932
983100,2009,"OVER 110,000",21180
287100,2009,"OVER 110,000",10910
277500,2009,"OVER 110,000",22246
172500,2009,"OVER 110,000",22958
261600,2009,"OVER 110,000",26561
479900,2009,"OVER 110,000",17962
287200,2009,"OVER 110,000",10666
229400,2009,"OVER 110,000",6191
253200,2009,"OVER 110,000",16749
253000,2009,"OVER 110,000",16270
253300,2009,"OVER 110,000",16411
253100,2009,"OVER 110,000",16053
229500,2009,"OVER 110,000",11650
261700,2009,"OVER 110,000",20064
691100,2009,"OVER 110,000",12600
445200,2009,"OVER 110,000",10720
294800,2009,"OVER 110,000",20288
2063000,2009,"OVER 110,000",31674
3727500,2009,"OVER 110,000",17829
330000,2009,"OVER 110,000",34125
925600,2009,"OVER 110,000",11161
769200,2009,"OVER 110,000",5237
330100,2009,"OVER 110,000",29422
197600,2009,"OVER 110,000",11476
158200,2009,"OVER 110,000",31979
208300,2009,"OVER 110,000",14987
187900,2009,"OVER 110,000",19922
888000,2009,"OVER 110,000",17580
285900,2009,"OVER 110,000",17314
172800,2009,"OVER 110,000",5694
683600,2009,"OVER 110,000",10776
330200,2009,"OVER 110,000",21715
3071900,2009,"OVER 110,000",11266
219200,2009,"OVER 110,000",39489
219300,2009,"OVER 110,000",30432
346500,2009,"OVER 110,000",20516
386900,2009,"OVER 110,000",19758
188000,2009,"OVER 110,000",21445
303300,2009,"OVER 110,000",15715
277800,2009,"OVER 110,000",25821
208600,2009,"OVER 110,000",26449
708500,2009,"OVER 110,000",18015
217200,2009,"OVER 110,000",8424
472900,2009,"OVER 110,000",26342
4041400,2009,"OVER 110,000",11485
320400,2009,"OVER 110,000",9071
3128700,2009,"OVER 110,000",27585
1291200,2009,"OVER 110,000",25520
3933300,2009,"OVER 110,000",23569
330400,2009,"OVER 110,000",33915
320600,2009,"OVER 110,000",22290
315800,2009,"OVER 110,000",10553
2161800,2009,"OVER 110,000",42020
229700,2009,"OVER 110,000",6508
308400,2009,"OVER 110,000",21055
3082100,2009,"OVER 110,000",11152
2117500,2009,"OVER 110,000",33686
822104,2009,"OVER 110,000",75120
923600,2009,"OVER 110,000",21806
814500,2009,"OVER 110,000",10510
287300,2009,"OVER 110,000",11739
952000,2009,"OVER 110,000",17148
613600,2009,"OVER 110,000",40170
3035900,2009,"OVER 110,000",35910
2128301,2009,"OVER 110,000",23984
461700,2009,"OVER 110,000",21367
2542300,2009,"OVER 110,000",25256
1210500,2009,"OVER 110,000",14910
2260601,2009,"OVER 110,000",6805
2260602,2009,"OVER 110,000",8851
1016800,2009,"OVER 110,000",22764
359300,2009,"OVER 110,000",12746
277900,2009,"OVER 110,000",26123
1297600,2009,"OVER 110,000",18767
640400,2009,"OVER 110,000",19520
255500,2009,"OVER 110,000",22654
193600,2009,"OVER 110,000",6386
398800,2009,"OVER 110,000",17483
2338509,2009,"OVER 110,000",20392
3957400,2009,"OVER 110,000",11031
257900,2009,"OVER 110,000",27430
2254000,2009,"OVER 110,000",41784
784500,2009,"OVER 110,000",28274
2347100,2009,"OVER 110,000",19225
2163500,2009,"OVER 110,000",40776
2202500,2009,"OVER 110,000",8805
3182300,2009,"OVER 110,000",15323
2159700,2009,"OVER 110,000",18179
261300,2009,"OVER 110,000",15361
262100,2009,"OVER 110,000",22585
265300,2009,"OVER 110,000",10357
265400,2009,"OVER 110,000",9520
265600,2009,"OVER 110,000",11396
265701,2009,"OVER 110,000",8631
265702,2009,"OVER 110,000",9128
265700,2009,"OVER 110,000",11229
3960300,2009,"OVER 110,000",9038
522300,2009,"OVER 110,000",7755
2163400,2009,"OVER 110,000",19138
2599400,2009,"OVER 110,000",28343
3120700,2009,"OVER 110,000",35155
2069000,2009,"OVER 110,000",27440
278500,2009,"OVER 110,000",42754
344000,2009,"OVER 110,000",21634
713000,2009,"OVER 110,000",18694
748400,2009,"OVER 110,000",27366
193900,2009,"OVER 110,000",20294
3043900,2009,"OVER 110,000",31416
258100,2009,"OVER 110,000",19156
287400,2009,"OVER 110,000",7808
278800,2009,"OVER 110,000",10952
200500,2009,"OVER 110,000",11959
219700,2009,"OVER 110,000",27589
376500,2009,"OVER 110,000",14994
795400,2009,"OVER 110,000",14188
1226100,2009,"OVER 110,000",8559
2197900,2009,"OVER 110,000",58230
290500,2009,"OVER 110,000",12445
295000,2009,"OVER 110,000",13871
297200,2009,"OVER 110,000",15549
295100,2009,"OVER 110,000",20862
173400,2009,"OVER 110,000",24038
526500,2009,"OVER 110,000",8262
229900,2009,"OVER 110,000",7879
251400,2009,"OVER 110,000",11465
531300,2009,"OVER 110,000",7379
236900,2009,"OVER 110,000",19827
711100,2009,"OVER 110,000",15113
299600,2009,"OVER 110,000",13129
299700,2009,"OVER 110,000",14990
3557300,2009,"OVER 110,000",29328
344100,2009,"OVER 110,000",19993
237000,2009,"OVER 110,000",17584
162300,2009,"OVER 110,000",9828
187700,2009,"OVER 110,000",8521
173500,2009,"OVER 110,000",24150
217300,2009,"OVER 110,000",9839
719100,2009,"OVER 110,000",9152
538700,2009,"OVER 110,000",8891
458700,2009,"OVER 110,000",11445
537800,2009,"OVER 110,000",11215
530100,2009,"OVER 110,000",10353
169300,2009,"OVER 110,000",16879
136100,2009,"OVER 110,000",13557
316000,2009,"OVER 110,000",6124
316100,2009,"OVER 110,000",10792
219900,2009,"OVER 110,000",37634
108200,2009,"OVER 110,000",14833
217400,2009,"OVER 110,000",8244
173700,2009,"OVER 110,000",20863
927500,2009,"OVER 110,000",15356
576000,2009,"OVER 110,000",13683
230100,2009,"OVER 110,000",13604
316200,2009,"OVER 110,000",9023
346600,2009,"OVER 110,000",13045
2353100,2009,"OVER 110,000",16464
372700,2009,"OVER 110,000",9434
387500,2009,"OVER 110,000",16860
238500,2009,"OVER 110,000",12672
3570500,2009,"OVER 110,000",19877
3063300,2009,"OVER 110,000",17902
320800,2009,"OVER 110,000",21236
393100,2009,"OVER 110,000",6492
2602100,2009,"OVER 110,000",27413
151000,2009,"OVER 110,000",12663
460000,2009,"OVER 110,000",11971
526700,2009,"OVER 110,000",16344
242700,2009,"OVER 110,000",3273
249600,2009,"OVER 110,000",13425
162400,2009,"OVER 110,000",24890
575900,2009,"OVER 110,000",13437
378300,2009,"OVER 110,000",23709
3372300,2009,"OVER 110,000",8499
569700,2009,"OVER 110,000",5699
188300,2009,"OVER 110,000",23684
230200,2009,"OVER 110,000",12251
316300,2009,"OVER 110,000",9357
202100,2009,"OVER 110,000",11735
3124000,2009,"OVER 110,000",25630
173900,2009,"OVER 110,000",40197
407215,2009,"OVER 110,000",21388
407200,2009,"OVER 110,000",21845
407221,2009,"OVER 110,000",22250
369200,2009,"OVER 110,000",22954
308500,2009,"OVER 110,000",22200
117900,2009,"OVER 110,000",33613
206500,2009,"OVER 110,000",24131
150900,2009,"OVER 110,000",24913
3590400,2009,"OVER 110,000",21763
279000,2009,"OVER 110,000",21731
2106400,2009,"OVER 110,000",16933
999200,2009,"OVER 110,000",18250
230300,2009,"OVER 110,000",5979
230700,2009,"OVER 110,000",14235
989600,2009,"OVER 110,000",12021
103300,2009,"OVER 110,000",27167
308600,2009,"OVER 110,000",36434
124900,2009,"OVER 110,000",36382
262400,2009,"OVER 110,000",8665
2523700,2009,"OVER 110,000",16512
359600,2009,"OVER 110,000",7864
1301600,2009,"OVER 110,000",23892
2230501,2009,"OVER 110,000",23544
2230500,2009,"OVER 110,000",24024
2230600,2009,"OVER 110,000",23700
158600,2009,"OVER 110,000",22227
3068200,2009,"OVER 110,000",22671
303000,2009,"OVER 110,000",25236
303500,2009,"OVER 110,000",27510
308900,2009,"OVER 110,000",36220
1028000,2009,"OVER 110,000",19664
309005,2009,"OVER 110,000",17455
309001,2009,"OVER 110,000",14110
309000,2009,"OVER 110,000",20707
309002,2009,"OVER 110,000",14336
309003,2009,"OVER 110,000",13714
309004,2009,"OVER 110,000",15778
1174500,2009,"OVER 110,000",34704
310005,2009,"OVER 110,000",13341
310006,2009,"OVER 110,000",14705
310003,2009,"OVER 110,000",13042
310000,2009,"OVER 110,000",21907
310004,2009,"OVER 110,000",12928
310002,2009,"OVER 110,000",12208
381900,2009,"OVER 110,000",19984
310900,2009,"OVER 110,000",26103
316400,2009,"OVER 110,000",17801
316500,2009,"OVER 110,000",19799
1039100,2009,"OVER 110,000",9701
317400,2009,"OVER 110,000",8851
317200,2009,"OVER 110,000",9626
317000,2009,"OVER 110,000",18834
964700,2009,"OVER 110,000",9071
372800,2009,"OVER 110,000",14601
230800,2009,"OVER 110,000",17259
174100,2009,"OVER 110,000",21359
174200,2009,"OVER 110,000",3408
1300500,2009,"OVER 110,000",27792
378400,2009,"OVER 110,000",11503
3498400,2009,"OVER 110,000",19536
287500,2009,"OVER 110,000",13552
398500,2009,"OVER 110,000",22125
287600,2009,"OVER 110,000",4921
3007300,2009,"OVER 110,000",31292
321100,2009,"OVER 110,000",14031
321000,2009,"OVER 110,000",13990
2199300,2009,"OVER 110,000",8055
2183000,2009,"OVER 110,000",16518
136200,2009,"OVER 110,000",12410
125100,2009,"OVER 110,000",39235
193700,2009,"OVER 110,000",16233
311000,2009,"OVER 110,000",32601
110200,2009,"OVER 110,000",19162
3106200,2009,"OVER 110,000",12150
359800,2009,"OVER 110,000",22164
575300,2009,"OVER 110,000",9137
3034500,2009,"OVER 110,000",9131
2202700,2009,"OVER 110,000",14958
3083000,2009,"OVER 110,000",7834
3650600,2009,"OVER 110,000",31068
279100,2009,"OVER 110,000",30431
378500,2009,"OVER 110,000",25053
320700,2009,"OVER 110,000",26899
125800,2009,"OVER 110,000",27611
321200,2009,"OVER 110,000",25996
745900,2009,"OVER 110,000",16360
158700,2009,"OVER 110,000",16981
884900,2009,"OVER 110,000",22066
151200,2009,"OVER 110,000",2772
2341300,2009,"OVER 110,000",8104
2623600,2009,"OVER 110,000",11282
360100,2009,"OVER 110,000",6420
249800,2009,"OVER 110,000",7254
711800,2009,"OVER 110,000",9481
1065200,2009,"OVER 110,000",6727
2607100,2009,"OVER 110,000",26012
3065300,2009,"OVER 110,000",24817
887300,2009,"OVER 110,000",31800
2577001,2009,"OVER 110,000",27948
3077200,2009,"OVER 110,000",20552
2211600,2009,"OVER 110,000",23543
2531800,2009,"OVER 110,000",27060
360200,2009,"OVER 110,000",10031
279500,2009,"OVER 110,000",27964
3650603,2009,"OVER 110,000",31368
3479300,2009,"OVER 110,000",26384
3019800,2009,"OVER 110,000",23576
243000,2009,"OVER 110,000",4125
330900,2009,"OVER 110,000",20850
1269300,2009,"OVER 110,000",16960
2131600,2009,"OVER 110,000",24872
2119301,2009,"OVER 110,000",18350
2119300,2009,"OVER 110,000",19460
2107300,2009,"OVER 110,000",20415
2269900,2009,"OVER 110,000",25285
986300,2009,"OVER 110,000",22699
339500,2009,"OVER 110,000",21704
2330600,2009,"OVER 110,000",19168
332900,2009,"OVER 110,000",25849
332913,2009,"OVER 110,000",16515
332903,2009,"OVER 110,000",24390
332904,2009,"OVER 110,000",19969
332906,2009,"OVER 110,000",24324
332921,2009,"OVER 110,000",15964
332907,2009,"OVER 110,000",18135
332905,2009,"OVER 110,000",24493
332908,2009,"OVER 110,000",16892
332910,2009,"OVER 110,000",19947
332920,2009,"OVER 110,000",22422
332909,2009,"OVER 110,000",21891
332902,2009,"OVER 110,000",16069
332911,2009,"OVER 110,000",21708
332912,2009,"OVER 110,000",16164
332914,2009,"OVER 110,000",22132
332916,2009,"OVER 110,000",18258
332917,2009,"OVER 110,000",16639
332915,2009,"OVER 110,000",15874
332918,2009,"OVER 110,000",15751
151300,2009,"OVER 110,000",10131
1014900,2009,"OVER 110,000",30347
938700,2009,"OVER 110,000",35064
255900,2009,"OVER 110,000",10221
295500,2009,"OVER 110,000",17754
335400,2009,"OVER 110,000",31413
110300,2009,"OVER 110,000",12613
643800,2009,"OVER 110,000",11785
107800,2009,"OVER 110,000",9954
158800,2009,"OVER 110,000",21878
399200,2009,"OVER 110,000",8847
992800,2009,"OVER 110,000",9461
500000,2009,"OVER 110,000",11650
500003,2009,"OVER 110,000",10729
4038500,2009,"OVER 110,000",13954
889600,2009,"OVER 110,000",13042
3666300,2009,"OVER 110,000",14923
726600,2009,"OVER 110,000",6677
2217103,2009,"OVER 110,000",19521
2217106,2009,"OVER 110,000",22644
2217108,2009,"OVER 110,000",19287
2217104,2009,"OVER 110,000",18531
2217109,2009,"OVER 110,000",20727
2217101,2009,"OVER 110,000",18954
2217110,2009,"OVER 110,000",11304
2217105,2009,"OVER 110,000",16956
2217100,2009,"OVER 110,000",18900
220100,2009,"OVER 110,000",27838
553500,2009,"OVER 110,000",14000
2560600,2009,"OVER 110,000",27708
406200,2009,"OVER 110,000",4837
192600,2009,"OVER 110,000",10969
1081400,2009,"OVER 110,000",32388
743700,2009,"OVER 110,000",22923
117200,2009,"OVER 110,000",36917
2337200,2009,"OVER 110,000",27062
2241700,2009,"OVER 110,000",25008
2304800,2009,"OVER 110,000",27396
3014900,2009,"OVER 110,000",38302
3062700,2009,"OVER 110,000",41839
3062701,2009,"OVER 110,000",44865
2304300,2009,"OVER 110,000",38354
259100,2009,"OVER 110,000",19708
126200,2009,"OVER 110,000",34026
335700,2009,"OVER 110,000",24815
154700,2009,"OVER 110,000",22705
117300,2009,"OVER 110,000",27942
1077900,2009,"OVER 110,000",29341
321300,2009,"OVER 110,000",11228
321600,2009,"OVER 110,000",17604
140100,2009,"OVER 110,000",24873
382711,2009,"OVER 110,000",8498
363000,2009,"OVER 110,000",15021
193800,2009,"OVER 110,000",7031
279800,2009,"OVER 110,000",37918
344500,2009,"OVER 110,000",22096
2065300,2009,"OVER 110,000",27273
346700,2009,"OVER 110,000",20969
262700,2009,"OVER 110,000",24608
340600,2009,"OVER 110,000",36709
2360800,2009,"OVER 110,000",19627
2116300,2009,"OVER 110,000",14355
2075300,2009,"OVER 110,000",11471
182700,2009,"OVER 110,000",12935
182500,2009,"OVER 110,000",17114
182600,2009,"OVER 110,000",16161
295700,2009,"OVER 110,000",22177
220500,2009,"OVER 110,000",13833
174500,2009,"OVER 110,000",21889
1053000,2009,"OVER 110,000",9601
140200,2009,"OVER 110,000",32079
217500,2009,"OVER 110,000",11591
373200,2009,"OVER 110,000",16225
934400,2009,"OVER 110,000",24171
373400,2009,"OVER 110,000",28616
373300,2009,"OVER 110,000",25663
1250000,2009,"OVER 110,000",19483
773100,2009,"OVER 110,000",4599
869402,2009,"OVER 110,000",19760
869400,2009,"OVER 110,000",22078
484600,2009,"OVER 110,000",19663
2084800,2009,"OVER 110,000",15694
656500,2009,"OVER 110,000",19187
954300,2009,"OVER 110,000",15123
315600,2009,"OVER 110,000",7905
321700,2009,"OVER 110,000",39578
1168900,2009,"OVER 110,000",38740
3091300,2009,"OVER 110,000",17704
220600,2009,"OVER 110,000",29069
136300,2009,"OVER 110,000",30288
158900,2009,"OVER 110,000",19739
520307,2009,"OVER 110,000",22152
3394301,2009,"OVER 110,000",23192
3026500,2009,"OVER 110,000",20007
520300,2009,"OVER 110,000",23058
3026501,2009,"OVER 110,000",20556
280300,2009,"OVER 110,000",33020
1043400,2009,"OVER 110,000",15061
340700,2009,"OVER 110,000",12368
340900,2009,"OVER 110,000",44882
351900,2009,"OVER 110,000",28746
360400,2009,"OVER 110,000",31735
370700,2009,"OVER 110,000",14860
262800,2009,"OVER 110,000",30985
525200,2009,"OVER 110,000",12999
1257400,2009,"OVER 110,000",38064
2177500,2009,"OVER 110,000",14648
388400,2009,"OVER 110,000",21460
3789400,2009,"OVER 110,000",9827
233500,2009,"OVER 110,000",11837
258600,2009,"OVER 110,000",25644
991400,2009,"OVER 110,000",10930
373600,2009,"OVER 110,000",25232
335900,2009,"OVER 110,000",22203
174600,2009,"OVER 110,000",20652
2495000,2009,"OVER 110,000",22032
280500,2009,"OVER 110,000",23355
228800,2009,"OVER 110,000",19611
237300,2009,"OVER 110,000",13616
280600,2009,"OVER 110,000",31114
174700,2009,"OVER 110,000",7548
174800,2009,"OVER 110,000",23969
249900,2009,"OVER 110,000",23524
287700,2009,"OVER 110,000",9018
764900,2009,"OVER 110,000",28213
341000,2009,"OVER 110,000",34623
316800,2009,"OVER 110,000",14290
1018200,2009,"OVER 110,000",11075
151500,2009,"OVER 110,000",31799
183000,2009,"OVER 110,000",36522
3425300,2009,"OVER 110,000",17948
336000,2009,"OVER 110,000",25518
773000,2009,"OVER 110,000",13158
690100,2009,"OVER 110,000",9545
262901,2009,"OVER 110,000",12963
262900,2009,"OVER 110,000",19986
262902,2009,"OVER 110,000",15386
140300,2009,"OVER 110,000",32634
3830300,2009,"OVER 110,000",31050
3069500,2009,"OVER 110,000",12812
231400,2009,"OVER 110,000",13256
188900,2009,"OVER 110,000",22689
258700,2009,"OVER 110,000",32656
296800,2009,"OVER 110,000",23522
198300,2009,"OVER 110,000",11703
336400,2009,"OVER 110,000",9411
237700,2009,"OVER 110,000",15180
362100,2009,"OVER 110,000",25759
625700,2009,"OVER 110,000",26684
336600,2009,"OVER 110,000",31754
282100,2009,"OVER 110,000",24518
237900,2009,"OVER 110,000",26623
205100,2009,"OVER 110,000",28707
282500,2009,"OVER 110,000",15147
336700,2009,"OVER 110,000",36673
183300,2009,"OVER 110,000",21888
152600,2009,"OVER 110,000",20811
1258000,2009,"OVER 110,000",12683
250600,2009,"OVER 110,000",35748
379400,2009,"OVER 110,000",22045
183600,2009,"OVER 110,000",30012
130200,2009,"OVER 110,000",35192
238000,2009,"OVER 110,000",23073
183500,2009,"OVER 110,000",13431
369400,2009,"OVER 110,000",31833
389200,2009,"OVER 110,000",25366
553300,2009,"OVER 110,000",14460
263800,2009,"OVER 110,000",21011
336800,2009,"OVER 110,000",22767
176800,2009,"OVER 110,000",27941
296000,2009,"OVER 110,000",20253
382000,2009,"OVER 110,000",18566
218800,2009,"OVER 110,000",17149
549900,2009,"OVER 110,000",8219
209100,2009,"OVER 110,000",17090
1309500,2009,"OVER 110,000",21444
2211000,2009,"OVER 110,000",21324
720300,2009,"OVER 110,000",22272
522000,2009,"OVER 110,000",11749
466600,2009,"OVER 110,000",20816
466604,2009,"OVER 110,000",22824
341100,2009,"OVER 110,000",35434
360600,2009,"OVER 110,000",11242
103600,2009,"OVER 110,000",26238
916300,2009,"OVER 110,000",8128
115100,2009,"OVER 110,000",14491
394800,2009,"OVER 110,000",35938
127800,2009,"OVER 110,000",29560
115400,2009,"OVER 110,000",18208
360902,2009,"OVER 110,000",10299
2120700,2009,"OVER 110,000",19860
115500,2009,"OVER 110,000",15297
2116000,2009,"OVER 110,000",19025
2160300,2009,"OVER 110,000",21388
2615001,2009,"OVER 110,000",26438
2116008,2009,"OVER 110,000",29486
3031405,2009,"OVER 110,000",27114
3031402,2009,"OVER 110,000",24433
3031406,2009,"OVER 110,000",25950
3031400,2009,"OVER 110,000",26278
2116006,2009,"OVER 110,000",26580
2615000,2009,"OVER 110,000",23388
2616402,2009,"OVER 110,000",20395
2577900,2009,"OVER 110,000",48697
2578000,2009,"OVER 110,000",53713
998900,2009,"OVER 110,000",51794
132600,2009,"OVER 110,000",38217
151900,2009,"OVER 110,000",10869
281300,2009,"OVER 110,000",39591
2141500,2009,"OVER 110,000",34362
159000,2009,"OVER 110,000",11309
1164700,2009,"OVER 110,000",24973
3032300,2009,"OVER 110,000",50742
175300,2009,"OVER 110,000",41787
466700,2009,"OVER 110,000",38808
746800,2009,"OVER 110,000",43303
231500,2009,"OVER 110,000",6895
361000,2009,"OVER 110,000",19799
2354200,2009,"OVER 110,000",20832
2145100,2009,"OVER 110,000",18240
830400,2009,"OVER 110,000",12041
117400,2009,"OVER 110,000",38633
378800,2009,"OVER 110,000",29570
379000,2009,"OVER 110,000",30340
152000,2009,"OVER 110,000",9010
3106500,2009,"OVER 110,000",15972
263200,2009,"OVER 110,000",29713
336200,2009,"OVER 110,000",21615
353400,2009,"OVER 110,000",27035
296200,2009,"OVER 110,000",17644
994200,2009,"OVER 110,000",21000
373700,2009,"OVER 110,000",28736
382200,2009,"OVER 110,000",12845
175600,2009,"OVER 110,000",32428
332600,2009,"OVER 110,000",15758
379100,2009,"OVER 110,000",10766
159100,2009,"OVER 110,000",13485
159101,2009,"OVER 110,000",12505
281600,2009,"OVER 110,000",26962
231600,2009,"OVER 110,000",18238
919200,2009,"OVER 110,000",28163
632200,2009,"OVER 110,000",32140
385000,2009,"OVER 110,000",21230
220800,2009,"OVER 110,000",37678
188700,2009,"OVER 110,000",21704
129100,2009,"OVER 110,000",21920
311900,2009,"OVER 110,000",7485
379200,2009,"OVER 110,000",13232
281400,2009,"OVER 110,000",40775
332700,2009,"OVER 110,000",17949
220900,2009,"OVER 110,000",40634
367900,2009,"OVER 110,000",8810
3814400,2009,"OVER 110,000",25263
199700,2009,"OVER 110,000",7377
115600,2009,"OVER 110,000",18923
2074600,2009,"OVER 110,000",7925
344600,2009,"OVER 110,000",18753
553700,2009,"OVER 110,000",14463
2277400,2009,"OVER 110,000",24660
1026400,2009,"OVER 110,000",23959
347000,2009,"OVER 110,000",14660
347100,2009,"OVER 110,000",14017
152200,2009,"OVER 110,000",5831
1326300,2009,"OVER 110,000",23181
2146600,2009,"OVER 110,000",11926
361100,2009,"OVER 110,000",4496
537200,2009,"OVER 110,000",12246
1303906,2009,"OVER 110,000",25633
1303900,2009,"OVER 110,000",23736
2539600,2009,"OVER 110,000",39734
570700,2009,"OVER 110,000",10935
199800,2009,"OVER 110,000",7259
3070900,2009,"OVER 110,000",18200
250100,2009,"OVER 110,000",14366
3123900,2009,"OVER 110,000",19793
296400,2009,"OVER 110,000",8152
184800,2009,"OVER 110,000",7319
3555300,2009,"OVER 110,000",14010
3746400,2009,"OVER 110,000",13824
202400,2009,"OVER 110,000",10142
317900,2009,"OVER 110,000",12635
152100,2009,"OVER 110,000",20579
351800,2009,"OVER 110,000",20917
110700,2009,"OVER 110,000",12940
3113600,2009,"OVER 110,000",25788
140600,2009,"OVER 110,000",14974
175800,2009,"OVER 110,000",18242
175900,2009,"OVER 110,000",22537
552500,2009,"OVER 110,000",12906
361300,2009,"OVER 110,000",34449
314900,2009,"OVER 110,000",26936
258000,2009,"OVER 110,000",29490
1287000,2009,"OVER 110,000",7998
2278800,2009,"OVER 110,000",19132
202500,2009,"OVER 110,000",10265
367800,2009,"OVER 110,000",10128
373800,2009,"OVER 110,000",18542
342200,2009,"OVER 110,000",17486
250200,2009,"OVER 110,000",16622
237500,2009,"OVER 110,000",14739
243600,2009,"OVER 110,000",7603
361400,2009,"OVER 110,000",8594
766900,2009,"OVER 110,000",11166
361900,2009,"OVER 110,000",18871
361600,2009,"OVER 110,000",22354
361800,2009,"OVER 110,000",9538
318000,2009,"OVER 110,000",16529
194000,2009,"OVER 110,000",19460
318100,2009,"OVER 110,000",11037
322000,2009,"OVER 110,000",10273
362000,2009,"OVER 110,000",28428
546700,2009,"OVER 110,000",10312
196000,2009,"OVER 110,000",21542
2596400,2009,"OVER 110,000",50526
767800,2009,"OVER 110,000",16640
399400,2009,"OVER 110,000",10485
344700,2009,"OVER 110,000",11610
2237800,2009,"OVER 110,000",20984
159400,2009,"OVER 110,000",34290
461802,2009,"OVER 110,000",20915
461800,2009,"OVER 110,000",24243
379300,2009,"OVER 110,000",12573
954400,2009,"OVER 110,000",11571
231800,2009,"OVER 110,000",19852
104100,2009,"OVER 110,000",20918
221100,2009,"OVER 110,000",30600
958100,2009,"OVER 110,000",23232
807800,2009,"OVER 110,000",11082
296700,2009,"OVER 110,000",25375
281700,2009,"OVER 110,000",23035
234200,2009,"OVER 110,000",28921
2530600,2009,"OVER 110,000",6022
231000,2009,"OVER 110,000",7130
553400,2009,"OVER 110,000",10772
282000,2009,"OVER 110,000",14572
209200,2009,"OVER 110,000",38759
282300,2009,"OVER 110,000",28799
2140400,2009,"OVER 110,000",26726
646700,2009,"OVER 110,000",19447
282900,2009,"OVER 110,000",32455
250400,2009,"OVER 110,000",27939
209500,2009,"OVER 110,000",23254
362300,2009,"OVER 110,000",23150
238200,2009,"OVER 110,000",33088
947900,2009,"OVER 110,000",30443
152800,2009,"OVER 110,000",9559
360800,2009,"OVER 110,000",8688
146800,2009,"OVER 110,000",18017
318300,2009,"OVER 110,000",19624
209300,2009,"OVER 110,000",34583
283200,2009,"OVER 110,000",27691
2358600,2009,"OVER 110,000",13644
130500,2009,"OVER 110,000",37286
3380300,2009,"OVER 110,000",21627
1088100,2009,"OVER 110,000",14632
941900,2009,"OVER 110,000",20515
150400,2009,"OVER 110,000",11824
471100,2009,"OVER 110,000",12454
284600,2009,"OVER 110,000",17672
486600,2009,"OVER 110,000",19124
362400,2009,"OVER 110,000",14580
251200,2009,"OVER 110,000",24657
194500,2009,"OVER 110,000",16502
153100,2009,"OVER 110,000",23280
263900,2009,"OVER 110,000",15678
367405,2009,"OVER 110,000",37580
367401,2009,"OVER 110,000",24129
210700,2009,"OVER 110,000",25493
1013800,2009,"OVER 110,000",14595
104400,2009,"OVER 110,000",18256
934500,2009,"OVER 110,000",22444
221700,2009,"OVER 110,000",33072
283800,2009,"OVER 110,000",16804
145900,2009,"OVER 110,000",32532
287800,2009,"OVER 110,000",9571
221800,2009,"OVER 110,000",35697
362500,2009,"OVER 110,000",14294
1208800,2009,"OVER 110,000",27457
461900,2009,"OVER 110,000",23817
3752400,2009,"OVER 110,000",14021
1042400,2009,"OVER 110,000",23335
267000,2009,"OVER 110,000",18976
2326900,2009,"OVER 110,000",14844
283500,2009,"OVER 110,000",18312
283600,2009,"OVER 110,000",17616
284400,2009,"OVER 110,000",16731
679100,2009,"OVER 110,000",16696
286200,2009,"OVER 110,000",8916
284200,2009,"OVER 110,000",13790
284100,2009,"OVER 110,000",16654
284300,2009,"OVER 110,000",17815
284500,2009,"OVER 110,000",17157
710900,2009,"OVER 110,000",15462
284800,2009,"OVER 110,000",16677
284900,2009,"OVER 110,000",15471
285000,2009,"OVER 110,000",15382
285600,2009,"OVER 110,000",18138
285100,2009,"OVER 110,000",13759
285400,2009,"OVER 110,000",16392
285500,2009,"OVER 110,000",16953
285700,2009,"OVER 110,000",16798
1028600,2009,"OVER 110,000",20473
285300,2009,"OVER 110,000",14958
284700,2009,"OVER 110,000",16769
1167800,2009,"OVER 110,000",15881
297000,2009,"OVER 110,000",8325
336900,2009,"OVER 110,000",32675
2568800,2009,"OVER 110,000",13006
337000,2009,"OVER 110,000",33413
374200,2009,"OVER 110,000",21867
288200,2009,"OVER 110,000",36524
194600,2009,"OVER 110,000",22773
379600,2009,"OVER 110,000",11266
104600,2009,"OVER 110,000",7505
153300,2009,"OVER 110,000",8689
362600,2009,"OVER 110,000",9408
183800,2009,"OVER 110,000",29249
1103100,2009,"OVER 110,000",15615
362700,2009,"OVER 110,000",7466
337100,2009,"OVER 110,000",20927
535900,2009,"OVER 110,000",11388
535800,2009,"OVER 110,000",6504
535700,2009,"OVER 110,000",7860
1032600,2009,"OVER 110,000",8688
1070000,2009,"OVER 110,000",10332
535400,2009,"OVER 110,000",5652
530700,2009,"OVER 110,000",11832
528300,2009,"OVER 110,000",11940
946400,2009,"OVER 110,000",9528
352200,2009,"OVER 110,000",12999
352300,2009,"OVER 110,000",12276
352400,2009,"OVER 110,000",15634
352500,2009,"OVER 110,000",15471
827800,2009,"OVER 110,000",8288
362800,2009,"OVER 110,000",5733
965100,2009,"OVER 110,000",11048
363200,2009,"OVER 110,000",18773
356500,2009,"OVER 110,000",11007
1116100,2009,"OVER 110,000",14666
363900,2009,"OVER 110,000",11070
363600,2009,"OVER 110,000",31531
363800,2009,"OVER 110,000",18528
3987300,2009,"OVER 110,000",1800
364100,2009,"OVER 110,000",20711
922500,2009,"OVER 110,000",12693
3396500,2009,"OVER 110,000",9456
363400,2009,"OVER 110,000",9623
361500,2009,"OVER 110,000",15037
364400,2009,"OVER 110,000",16210
364500,2009,"OVER 110,000",16246
364600,2009,"OVER 110,000",10537
791200,2009,"OVER 110,000",11080
2171900,2009,"OVER 110,000",30272
927000,2009,"OVER 110,000",38718
2117102,2009,"OVER 110,000",35550
2110500,2009,"OVER 110,000",35034
2078900,2009,"OVER 110,000",40062
1019500,2009,"OVER 110,000",33926
2117100,2009,"OVER 110,000",37192
3084601,2009,"OVER 110,000",27698
3084600,2009,"OVER 110,000",33625
1258405,2009,"OVER 110,000",37998
2525600,2009,"OVER 110,000",39199
1258406,2009,"OVER 110,000",33451
835000,2009,"OVER 110,000",34777
4051300,2009,"OVER 110,000",33244
747000,2009,"OVER 110,000",34885
781900,2009,"OVER 110,000",35789
3084602,2009,"OVER 110,000",33307
2291300,2009,"OVER 110,000",32812
3740500,2009,"OVER 110,000",29823
927002,2009,"OVER 110,000",45578
1024800,2009,"OVER 110,000",31789
2557800,2009,"OVER 110,000",26883
2159600,2009,"OVER 110,000",5408
212900,2009,"OVER 110,000",43297
113400,2009,"OVER 110,000",16025
3426300,2009,"OVER 110,000",27564
161700,2009,"OVER 110,000",16386
264200,2009,"OVER 110,000",23522
270400,2009,"OVER 110,000",27671
270500,2009,"OVER 110,000",28460
234300,2009,"OVER 110,000",28425
520800,2009,"OVER 110,000",27156
303700,2009,"OVER 110,000",27151
206300,2009,"OVER 110,000",8592
3164300,2009,"OVER 110,000",34272
815500,2009,"OVER 110,000",16250
1258400,2009,"OVER 110,000",34634
1258401,2009,"OVER 110,000",31790
3808300,2009,"OVER 110,000",33276
274200,2009,"OVER 110,000",26518
4095300,2009,"OVER 110,000",26886
122000,2009,"OVER 110,000",20062
219400,2009,"OVER 110,000",39324
748600,2009,"OVER 110,000",33664
2066200,2009,"OVER 110,000",39308
2192800,2009,"OVER 110,000",30088
281000,2009,"OVER 110,000",25535
3220300,2009,"OVER 110,000",21684
4138400,2009,"OVER 110,000",16728
2314000,2009,"OVER 110,000",10152
953100,2009,"OVER 110,000",15420
105100,2009,"OVER 110,000",15765
304500,2009,"OVER 110,000",21985
253600,2009,"OVER 110,000",15716
253700,2009,"OVER 110,000",13009
153800,2009,"OVER 110,000",23808
352900,2009,"OVER 110,000",13265
353000,2009,"OVER 110,000",14347
353100,2009,"OVER 110,000",9914
365600,2009,"OVER 110,000",16985
365800,2009,"OVER 110,000",20965
3064600,2009,"OVER 110,000",11500
974100,2009,"OVER 110,000",17387
366100,2009,"OVER 110,000",13594
1011500,2009,"OVER 110,000",15888
1116300,2009,"OVER 110,000",15065
993000,2009,"OVER 110,000",9198
359900,2009,"OVER 110,000",6211
335000,2009,"OVER 110,000",31623
374700,2009,"OVER 110,000",15112
395500,2009,"OVER 110,000",10521
337600,2009,"OVER 110,000",24169
2358000,2009,"OVER 110,000",29215
205200,2009,"OVER 110,000",24597
200100,2009,"OVER 110,000",20580
3043100,2009,"OVER 110,000",23600
687100,2009,"OVER 110,000",8094
155500,2009,"OVER 110,000",15659
471300,2009,"OVER 110,000",6320
371200,2009,"OVER 110,000",7714
159600,2009,"OVER 110,000",19311
678800,2009,"OVER 110,000",10715
2206200,2009,"OVER 110,000",20889
1249600,2009,"OVER 110,000",18444
243900,2009,"OVER 110,000",17554
1014200,2009,"OVER 110,000",22070
209900,2009,"OVER 110,000",17037
198700,2009,"OVER 110,000",23621
352600,2009,"OVER 110,000",18927
492600,2009,"OVER 110,000",8155
2174400,2009,"OVER 110,000",22597
2090200,2009,"OVER 110,000",22445
783900,2009,"OVER 110,000",22530
2174401,2009,"OVER 110,000",23425
1150500,2009,"OVER 110,000",16680
492000,2009,"OVER 110,000",7990
183900,2009,"OVER 110,000",18285
136800,2009,"OVER 110,000",14366
177100,2009,"OVER 110,000",22782
141400,2009,"OVER 110,000",38331
3028200,2009,"OVER 110,000",17858
177200,2009,"OVER 110,000",25937
2106700,2009,"OVER 110,000",9999
364700,2009,"OVER 110,000",28604
357200,2009,"OVER 110,000",7853
146000,2009,"OVER 110,000",21941
281200,2009,"OVER 110,000",15639
104700,2009,"OVER 110,000",11968
2107700,2009,"OVER 110,000",10634
159700,2009,"OVER 110,000",15473
249500,2009,"OVER 110,000",14804
2586400,2009,"OVER 110,000",15213
446700,2009,"OVER 110,000",20052
221900,2009,"OVER 110,000",40933
202900,2009,"OVER 110,000",29273
976300,2009,"OVER 110,000",8528
961802,2009,"OVER 110,000",23310
976400,2009,"OVER 110,000",9436
352700,2009,"OVER 110,000",18702
364800,2009,"OVER 110,000",9923
2173900,2009,"OVER 110,000",15930
288000,2009,"OVER 110,000",9749
3549300,2009,"OVER 110,000",22424
3549301,2009,"OVER 110,000",23120
322200,2009,"OVER 110,000",11940
288900,2009,"OVER 110,000",38014
256300,2009,"OVER 110,000",19500
264300,2009,"OVER 110,000",8926
1092300,2009,"OVER 110,000",24236
352800,2009,"OVER 110,000",20604
685800,2009,"OVER 110,000",26142
626700,2009,"OVER 110,000",6710
822100,2009,"OVER 110,000",76884
2100500,2009,"OVER 110,000",73612
822103,2009,"OVER 110,000",73608
822101,2009,"OVER 110,000",77340
822105,2009,"OVER 110,000",77256
2100505,2009,"OVER 110,000",78714
2362002,2009,"OVER 110,000",77364
2362000,2009,"OVER 110,000",75360
2100502,2009,"OVER 110,000",65828
3430300,2009,"OVER 110,000",17480
394100,2009,"OVER 110,000",12268
393700,2009,"OVER 110,000",11569
1171900,2009,"OVER 110,000",12203
283700,2009,"OVER 110,000",13595
2559000,2009,"OVER 110,000",31625
312300,2009,"OVER 110,000",19745
312301,2009,"OVER 110,000",15461
105200,2009,"OVER 110,000",14507
105500,2009,"OVER 110,000",11503
1146200,2009,"OVER 110,000",12387
106300,2009,"OVER 110,000",14221
106500,2009,"OVER 110,000",13109
108300,2009,"OVER 110,000",15508
110800,2009,"OVER 110,000",17249
110100,2009,"OVER 110,000",17338
108600,2009,"OVER 110,000",10331
2073500,2009,"OVER 110,000",2439
524500,2009,"OVER 110,000",10459
111000,2009,"OVER 110,000",11868
210200,2009,"OVER 110,000",14898
141600,2009,"OVER 110,000",29321
131200,2009,"OVER 110,000",24903
131300,2009,"OVER 110,000",23354
131400,2009,"OVER 110,000",22530
131500,2009,"OVER 110,000",22971
4127100,2009,"OVER 110,000",21567
131600,2009,"OVER 110,000",22193
131700,2009,"OVER 110,000",22676
132000,2009,"OVER 110,000",25425
132100,2009,"OVER 110,000",25436
109200,2009,"OVER 110,000",16151
395400,2009,"OVER 110,000",13806
245400,2009,"OVER 110,000",12957
381800,2009,"OVER 110,000",26199
177400,2009,"OVER 110,000",41152
312502,2009,"OVER 110,000",17111
312501,2009,"OVER 110,000",16800
312500,2009,"OVER 110,000",23094
137000,2009,"OVER 110,000",22534
450900,2009,"OVER 110,000",14718
450800,2009,"OVER 110,000",19592
141700,2009,"OVER 110,000",20790
141705,2009,"OVER 110,000",11171
141702,2009,"OVER 110,000",10989
141701,2009,"OVER 110,000",10789
2285900,2009,"OVER 110,000",26194
365100,2009,"OVER 110,000",25170
312700,2009,"OVER 110,000",26729
143100,2009,"OVER 110,000",16929
137100,2009,"OVER 110,000",36031
232300,2009,"OVER 110,000",20405
189100,2009,"OVER 110,000",18035
179500,2009,"OVER 110,000",22012
153500,2009,"OVER 110,000",11388
159800,2009,"OVER 110,000",10903
252700,2009,"OVER 110,000",22447
142200,2009,"OVER 110,000",35361
161100,2009,"OVER 110,000",12023
161000,2009,"OVER 110,000",13710
161500,2009,"OVER 110,000",10269
2107800,2009,"OVER 110,000",7531
202300,2009,"OVER 110,000",6948
365200,2009,"OVER 110,000",16569
162600,2009,"OVER 110,000",15680
177600,2009,"OVER 110,000",20095
933300,2009,"OVER 110,000",16524
177500,2009,"OVER 110,000",23385
180400,2009,"OVER 110,000",22093
189200,2009,"OVER 110,000",17333
299000,2009,"OVER 110,000",17203
194800,2009,"OVER 110,000",18460
198900,2009,"OVER 110,000",16071
121600,2009,"OVER 110,000",26040
203100,2009,"OVER 110,000",8744
202000,2009,"OVER 110,000",11574
199900,2009,"OVER 110,000",13486
205300,2009,"OVER 110,000",17972
676000,2009,"OVER 110,000",13244
204000,2009,"OVER 110,000",17349
205500,2009,"OVER 110,000",13467
203300,2009,"OVER 110,000",13895
299200,2009,"OVER 110,000",14013
358800,2009,"OVER 110,000",23310
374600,2009,"OVER 110,000",12807
210600,2009,"OVER 110,000",13598
210500,2009,"OVER 110,000",13482
210300,2009,"OVER 110,000",19490
222100,2009,"OVER 110,000",19762
222200,2009,"OVER 110,000",16536
221000,2009,"OVER 110,000",18136
216100,2009,"OVER 110,000",18073
350900,2009,"OVER 110,000",11134
153600,2009,"OVER 110,000",36023
232500,2009,"OVER 110,000",20071
232600,2009,"OVER 110,000",10693
232700,2009,"OVER 110,000",14170
406900,2009,"OVER 110,000",15071
238800,2009,"OVER 110,000",19252
238900,2009,"OVER 110,000",16748
396900,2009,"OVER 110,000",19684
244000,2009,"OVER 110,000",15311
251600,2009,"OVER 110,000",18718
251800,2009,"OVER 110,000",21508
251900,2009,"OVER 110,000",20195
102900,2009,"OVER 110,000",19721
100400,2009,"OVER 110,000",13682
294900,2009,"OVER 110,000",19260
308300,2009,"OVER 110,000",22473
255100,2009,"OVER 110,000",14279
255400,2009,"OVER 110,000",14403
256500,2009,"OVER 110,000",16019
256900,2009,"OVER 110,000",11327
256800,2009,"OVER 110,000",16100
205000,2009,"OVER 110,000",31307
258901,2009,"OVER 110,000",16007
258900,2009,"OVER 110,000",23220
139700,2009,"OVER 110,000",29271
266301,2009,"OVER 110,000",8583
266300,2009,"OVER 110,000",12037
266302,2009,"OVER 110,000",10075
201500,2009,"OVER 110,000",10046
101600,2009,"OVER 110,000",9829
290700,2009,"OVER 110,000",14145
297400,2009,"OVER 110,000",15930
297500,2009,"OVER 110,000",14551
297600,2009,"OVER 110,000",13708
295400,2009,"OVER 110,000",13665
398100,2009,"OVER 110,000",15620
298400,2009,"OVER 110,000",14686
300500,2009,"OVER 110,000",15083
984100,2009,"OVER 110,000",12676
359400,2009,"OVER 110,000",15347
134900,2009,"OVER 110,000",15487
189000,2009,"OVER 110,000",15990
486100,2009,"OVER 110,000",24054
237100,2009,"OVER 110,000",25391
184000,2009,"OVER 110,000",38400
318400,2009,"OVER 110,000",16576
322300,2009,"OVER 110,000",16999
337800,2009,"OVER 110,000",39684
198000,2009,"OVER 110,000",15988
337903,2009,"OVER 110,000",18687
337904,2009,"OVER 110,000",18843
337902,2009,"OVER 110,000",20462
337900,2009,"OVER 110,000",17401
337901,2009,"OVER 110,000",16855
322400,2009,"OVER 110,000",31100
394201,2009,"OVER 110,000",8396
379700,2009,"OVER 110,000",35820
132200,2009,"OVER 110,000",27344
341400,2009,"OVER 110,000",17312
374400,2009,"OVER 110,000",33857
311600,2009,"OVER 110,000",25149
289400,2009,"OVER 110,000",35654
183200,2009,"OVER 110,000",19883
140900,2009,"OVER 110,000",26409
194300,2009,"OVER 110,000",18522
1039500,2009,"OVER 110,000",38840
132500,2009,"OVER 110,000",45193
316700,2009,"OVER 110,000",9814
338400,2009,"OVER 110,000",33044
346900,2009,"OVER 110,000",19192
105700,2009,"OVER 110,000",12375
344900,2009,"OVER 110,000",13463
345000,2009,"OVER 110,000",16998
344800,2009,"OVER 110,000",16996
345300,2009,"OVER 110,000",9002
345400,2009,"OVER 110,000",13592
342600,2009,"OVER 110,000",8356
492700,2009,"OVER 110,000",6704
695100,2009,"OVER 110,000",14580
347400,2009,"OVER 110,000",14025
153700,2009,"OVER 110,000",13828
132800,2009,"OVER 110,000",39655
180800,2009,"OVER 110,000",12096
205400,2009,"OVER 110,000",19786
244100,2009,"OVER 110,000",15826
166400,2009,"OVER 110,000",18135
365400,2009,"OVER 110,000",21448
234500,2009,"OVER 110,000",27594
196200,2009,"OVER 110,000",16549
144100,2009,"OVER 110,000",9760
357800,2009,"OVER 110,000",23511
109400,2009,"OVER 110,000",17259
132900,2009,"OVER 110,000",35387
335300,2009,"OVER 110,000",34908
265000,2009,"OVER 110,000",15293
394600,2009,"OVER 110,000",10262
313100,2009,"OVER 110,000",16468
318500,2009,"OVER 110,000",26920
367500,2009,"OVER 110,000",14685
330600,2009,"OVER 110,000",21737
369600,2009,"OVER 110,000",20924
374500,2009,"OVER 110,000",20114
379802,2009,"OVER 110,000",11048
379800,2009,"OVER 110,000",14809
379801,2009,"OVER 110,000",12217
160100,2009,"OVER 110,000",13324
389700,2009,"OVER 110,000",11744
391700,2009,"OVER 110,000",14415
389900,2009,"OVER 110,000",13587
391900,2009,"OVER 110,000",15049
389500,2009,"OVER 110,000",17971
389600,2009,"OVER 110,000",16844
392000,2009,"OVER 110,000",15274
501500,2009,"OVER 110,000",15702
392100,2009,"OVER 110,000",13929
392300,2009,"OVER 110,000",13937
392400,2009,"OVER 110,000",13813
391500,2009,"OVER 110,000",15767
392500,2009,"OVER 110,000",13070
392600,2009,"OVER 110,000",13814
393200,2009,"OVER 110,000",13050
189300,2009,"OVER 110,000",19796
313300,2009,"OVER 110,000",20747
338500,2009,"OVER 110,000",32637
313400,2009,"OVER 110,000",20875
367700,2009,"OVER 110,000",11495
402700,2009,"OVER 110,000",14990
288300,2009,"OVER 110,000",26162
159900,2009,"OVER 110,000",16427
675000,2009,"OVER 110,000",12949
300800,2009,"OVER 110,000",12805
4114500,2009,"OVER 110,000",38940
3084400,2009,"OVER 110,000",26107
2609400,2009,"OVER 110,000",26249
184200,2009,"OVER 110,000",25441
353500,2009,"OVER 110,000",30592
177800,2009,"OVER 110,000",29391
129300,2009,"OVER 110,000",28049
289500,2009,"OVER 110,000",34900
2599700,2009,"OVER 110,000",19845
2609200,2009,"OVER 110,000",22263
2599710,2009,"OVER 110,000",19204
2599701,2009,"OVER 110,000",19256
2069301,2009,"OVER 110,000",19711
2069300,2009,"OVER 110,000",20451
750100,2009,"OVER 110,000",20915
2599702,2009,"OVER 110,000",19521
2609202,2009,"OVER 110,000",17911
2599705,2009,"OVER 110,000",19868
2599709,2009,"OVER 110,000",20759
266500,2009,"OVER 110,000",21247
2061000,2009,"OVER 110,000",26592
235000,2009,"OVER 110,000",11199
369800,2009,"OVER 110,000",18962
856800,2009,"OVER 110,000",21107
2144800,2009,"OVER 110,000",22348
2128200,2009,"OVER 110,000",20202
366200,2009,"OVER 110,000",9765
289600,2009,"OVER 110,000",19072
338800,2009,"OVER 110,000",40403
184300,2009,"OVER 110,000",12933
373500,2009,"OVER 110,000",20489
1289600,2009,"OVER 110,000",18349
375300,2009,"OVER 110,000",15132
375400,2009,"OVER 110,000",18804
376400,2009,"OVER 110,000",14418
376600,2009,"OVER 110,000",21067
376700,2009,"OVER 110,000",27928
376000,2009,"OVER 110,000",8866
391100,2009,"OVER 110,000",22439
991200,2009,"OVER 110,000",10406
345500,2009,"OVER 110,000",335
184400,2009,"OVER 110,000",23940
1013000,2009,"OVER 110,000",20765
289900,2009,"OVER 110,000",29936
297800,2009,"OVER 110,000",35162
484400,2009,"OVER 110,000",14763
189500,2009,"OVER 110,000",22799
500600,2009,"OVER 110,000",12736
379900,2009,"OVER 110,000",24515
313500,2009,"OVER 110,000",20324
886300,2009,"OVER 110,000",7834
322500,2009,"OVER 110,000",21235
297900,2009,"OVER 110,000",31888
189600,2009,"OVER 110,000",23299
1068900,2009,"OVER 110,000",14510
194900,2009,"OVER 110,000",16847
338900,2009,"OVER 110,000",29140
206700,2009,"OVER 110,000",14624
376800,2009,"OVER 110,000",39845
2158200,2009,"OVER 110,000",17970
380000,2009,"OVER 110,000",19082
252000,2009,"OVER 110,000",39692
232800,2009,"OVER 110,000",9909
3088800,2009,"OVER 110,000",24456
529400,2009,"OVER 110,000",9873
366300,2009,"OVER 110,000",11780
298000,2009,"OVER 110,000",5501
256600,2009,"OVER 110,000",11891
232900,2009,"OVER 110,000",14669
339100,2009,"OVER 110,000",18947
154000,2009,"OVER 110,000",10251
3001800,2009,"OVER 110,000",18585
1162200,2009,"OVER 110,000",15273
222400,2009,"OVER 110,000",32575
290100,2009,"OVER 110,000",22704
380100,2009,"OVER 110,000",12116
160000,2009,"OVER 110,000",15061
142400,2009,"OVER 110,000",38373
332800,2009,"OVER 110,000",17907
197900,2009,"OVER 110,000",9395
382300,2009,"OVER 110,000",11998
795000,2009,"OVER 110,000",6823
494700,2009,"OVER 110,000",16710
366500,2009,"OVER 110,000",15016
1057302,2009,"OVER 110,000",19654
905400,2009,"OVER 110,000",8745
382600,2009,"OVER 110,000",11536
382700,2009,"OVER 110,000",11077
382800,2009,"OVER 110,000",8948
382721,2009,"OVER 110,000",11867
383000,2009,"OVER 110,000",19292
298100,2009,"OVER 110,000",13517
1017000,2009,"OVER 110,000",13434
3339400,2009,"OVER 110,000",9318
178000,2009,"OVER 110,000",20100
2171500,2009,"OVER 110,000",23776
233000,2009,"OVER 110,000",18526
256000,2009,"OVER 110,000",10036
1036300,2009,"OVER 110,000",7964
222600,2009,"OVER 110,000",33382
314600,2009,"OVER 110,000",10374
320900,2009,"OVER 110,000",17578
658300,2009,"OVER 110,000",12784
137200,2009,"OVER 110,000",17841
1014700,2009,"OVER 110,000",32280
2098300,2009,"OVER 110,000",30915
2098301,2009,"OVER 110,000",38034
380200,2009,"OVER 110,000",16437
393300,2009,"OVER 110,000",6292
218900,2009,"OVER 110,000",16523
339200,2009,"OVER 110,000",20655
252300,2009,"OVER 110,000",18009
368100,2009,"OVER 110,000",20195
134100,2009,"OVER 110,000",34738
1017600,2009,"OVER 110,000",5280
366800,2009,"OVER 110,000",6800
1036400,2009,"OVER 110,000",12590
222700,2009,"OVER 110,000",39068
178100,2009,"OVER 110,000",32265
383100,2009,"OVER 110,000",20314
222800,2009,"OVER 110,000",28362
529100,2009,"OVER 110,000",21068
380300,2009,"OVER 110,000",33878
134200,2009,"OVER 110,000",32122
380400,2009,"OVER 110,000",28765
549800,2009,"OVER 110,000",25872
331300,2009,"OVER 110,000",27708
314100,2009,"OVER 110,000",17106
366900,2009,"OVER 110,000",14746
339400,2009,"OVER 110,000",27071
322700,2009,"OVER 110,000",30422
244700,2009,"OVER 110,000",8567
128100,2009,"OVER 110,000",23808
252400,2009,"OVER 110,000",21594
262500,2009,"OVER 110,000",22784
295300,2009,"OVER 110,000",25867
190000,2009,"OVER 110,000",17640
396100,2009,"OVER 110,000",9956
252500,2009,"OVER 110,000",20640
110600,2009,"OVER 110,000",14065
222900,2009,"OVER 110,000",33069
300700,2009,"OVER 110,000",8610
314200,2009,"OVER 110,000",22285
794800,2009,"OVER 110,000",18000
339600,2009,"OVER 110,000",23685
1122000,2009,"OVER 110,000",10072
298500,2009,"OVER 110,000",19139
239400,2009,"OVER 110,000",17518
298600,2009,"OVER 110,000",13274
345600,2009,"OVER 110,000",16270
1182400,2009,"OVER 110,000",10701
2136600,2009,"OVER 110,000",21741
314300,2009,"OVER 110,000",27159
345700,2009,"OVER 110,000",36912
740500,2009,"OVER 110,000",22439
134300,2009,"OVER 110,000",29974
223300,2009,"OVER 110,000",35549
219000,2009,"OVER 110,000",15043
1185900,2009,"OVER 110,000",12131
307801,2009,"OVER 110,000",13156
307800,2009,"OVER 110,000",19140
915705,2009,"OVER 110,000",26388
2346200,2009,"OVER 110,000",31491
915700,2009,"OVER 110,000",25272
376100,2009,"OVER 110,000",5119
314400,2009,"OVER 110,000",26372
203200,2009,"OVER 110,000",15744
380500,2009,"OVER 110,000",12282
142600,2009,"OVER 110,000",30375
107900,2009,"OVER 110,000",7802
290300,2009,"OVER 110,000",27195
256700,2009,"OVER 110,000",13339
339900,2009,"OVER 110,000",20422
3122900,2009,"OVER 110,000",11404
399600,2009,"OVER 110,000",9143
160400,2009,"OVER 110,000",14298
314500,2009,"OVER 110,000",15332
813300,2009,"OVER 110,000",11326
